-- phpMyAdmin SQL Dump
-- version 5.0.2
-- https://www.phpmyadmin.net/
--
-- Host: 127.0.0.1
-- Czas generowania: 15 Sty 2022, 03:03
-- Wersja serwera: 10.4.11-MariaDB
-- Wersja PHP: 7.4.5

SET SQL_MODE = "NO_AUTO_VALUE_ON_ZERO";
START TRANSACTION;
SET time_zone = "+00:00";


/*!40101 SET @OLD_CHARACTER_SET_CLIENT=@@CHARACTER_SET_CLIENT */;
/*!40101 SET @OLD_CHARACTER_SET_RESULTS=@@CHARACTER_SET_RESULTS */;
/*!40101 SET @OLD_COLLATION_CONNECTION=@@COLLATION_CONNECTION */;
/*!40101 SET NAMES utf8mb4 */;

--
-- Baza danych: `service_prod`
--

-- --------------------------------------------------------

--
-- Struktura tabeli dla tabeli `address`
--

CREATE TABLE `address` (
  `address_id` int(11) NOT NULL,
  `company_id` int(11) NOT NULL,
  `name` varchar(250) COLLATE utf8_polish_ci NOT NULL,
  `street` varchar(250) COLLATE utf8_polish_ci NOT NULL,
  `zip_code` varchar(10) COLLATE utf8_polish_ci NOT NULL,
  `city` varchar(50) COLLATE utf8_polish_ci NOT NULL,
  `province` varchar(50) COLLATE utf8_polish_ci NOT NULL,
  `country` varchar(150) COLLATE utf8_polish_ci NOT NULL,
  `is_main` tinyint(1) NOT NULL
) ENGINE=InnoDB DEFAULT CHARSET=utf8 COLLATE=utf8_polish_ci;

--
-- Zrzut danych tabeli `address`
--

INSERT INTO `address` (`address_id`, `company_id`, `name`, `street`, `zip_code`, `city`, `province`, `country`, `is_main`) VALUES
(1, 1, 'adres główny', 'Grunwaldzka 182', '60-166', 'Poznań', 'wielkopolskie', 'Polska', 1),
(2, 11, 'adres główny', 'Stanisława Lema 7', '31-571', 'Kraków', 'Małopolskie', 'Polska', 0);

-- --------------------------------------------------------

--
-- Struktura tabeli dla tabeli `company`
--

CREATE TABLE `company` (
  `company_id` int(11) NOT NULL,
  `name` varchar(250) COLLATE utf8_polish_ci NOT NULL,
  `short_name` varchar(250) COLLATE utf8_polish_ci NOT NULL,
  `NIP` varchar(10) COLLATE utf8_polish_ci DEFAULT NULL
) ENGINE=InnoDB DEFAULT CHARSET=utf8 COLLATE=utf8_polish_ci;

--
-- Zrzut danych tabeli `company`
--

INSERT INTO `company` (`company_id`, `name`, `short_name`, `NIP`) VALUES
(1, 'Allegro.pl Sp. z o.o.', 'Allegro', '5252674798'),
(3, 'Grupa OLX Sp. z o.o. ', 'OLX', '7792433421'),
(4, 'SANTANDER BANK POLSKA S.A.', 'Santander', '8960005673'),
(6, 'Tadeusz Borowiak', 'TB', '0000000000'),
(7, 'Krystian Markowski', 'KM', '0000000000'),
(9, 'Michał Janusz', 'MJ', '0000000000'),
(11, 'META SP Z O O', 'Meta', '6793064534'),
(12, 'Skinix', 'AHT', '6985183867'),
(13, 'Mynte', 'NZF', '7200941794'),
(14, 'Realblab', 'RT', '6573077792'),
(15, 'Jaxspan', 'CF', '4611980537'),
(16, 'Flipbug', 'CHT', '6200429197'),
(17, 'Eabox', 'WBB', '8021770066'),
(18, 'Rooxo', 'HMTA', '8874020988'),
(19, 'Linktype', 'QUMU', '9087234201'),
(20, 'Riffwire', 'GOODP', '4029558194'),
(21, 'Zoozzy', 'CTIC', '3670941797'),
(22, 'Yakitri', 'ALL^B', '0359006000'),
(23, 'DabZ', 'CAT', '2718950102'),
(24, 'Lazz', 'HCSG', '8244404159'),
(25, 'Oyoyo', 'GHM', '5706427887'),
(26, 'Bluejam', 'PSC', '4006295243'),
(27, 'Oyope', 'FORK', '3116948550'),
(28, 'Yata', 'CLAC', '4221144009'),
(29, 'Janyx', 'FN', '9316742595'),
(30, 'Thoughtblab', 'GYB', '1326062417'),
(31, 'Midel', 'CPE^A', '0699839513'),
(32, 'Aivee', 'SPB           ', '0586855580'),
(33, 'Dynazzy', 'ATSG', '2314799852'),
(34, 'Twinder', 'ASGN', '5849031138'),
(35, 'Jazzy', 'HDP', '1279638230'),
(36, 'Blogtags', 'TPB', '8870958027'),
(37, 'Oloo', 'CINR', '9033478595'),
(38, 'Blogtags', 'SOV^C', '2595508547'),
(39, 'Zoozzy', 'GDV^A', '1296321673'),
(40, 'Linkbridge', 'HTBX', '9224575706'),
(41, 'Feedmix', 'ASR', '3594324435'),
(42, 'Realmix', 'CLWT', '6472468478'),
(43, 'Roomm', 'RBS^H', '8053086365'),
(44, 'Zava', 'MIRN', '0375654119'),
(45, 'Leenti', 'VRTX', '2489303317'),
(46, 'Mymm', 'PRE^I', '2807288790'),
(47, 'Dabvine', 'HAIN', '0474382192'),
(48, 'Agivu', 'CSF', '0480974098'),
(49, 'Centidel', 'ZEN', '6698542180'),
(50, 'Brightdog', 'RBA', '4054909027'),
(51, 'Skipfire', 'CHKR', '2845335512'),
(52, 'Photojam', 'GLA', '9230993158'),
(53, 'Buzzdog', 'SGC', '2989684379'),
(54, 'Zava', 'DFP', '3604899680'),
(55, 'Yombu', 'CTW', '4844089854'),
(56, 'Kaymbo', 'DHR', '0419721762'),
(57, 'Pixope', 'IBKCP', '1035145820'),
(58, 'Zoombeat', 'BKN', '7406543115'),
(59, 'Gabvine', 'GENE', '0368965007'),
(60, 'Talane', 'CATO', '7637255115'),
(61, 'Wordpedia', 'RACE', '2236914083'),
(62, 'Zoovu', 'JAKK', '2128754933'),
(63, 'Plambee', 'JPM^E', '7771651356'),
(64, 'Topicblab', 'NEE', '7343900870'),
(65, 'Gigazoom', 'PBI^B', '9800223363'),
(66, 'Kwilith', 'DCT', '8977151236'),
(67, 'Gigabox', 'CUBI^C', '0571299113'),
(68, 'Voonix', 'EV', '5769751630'),
(69, 'Babbleblab', 'CHNR', '9394352716'),
(70, 'Yodoo', 'CHSCM', '6634830517'),
(71, 'Eidel', 'CLI', '3929146398'),
(72, 'Realmix', 'CLW', '4444598654'),
(73, 'Brainverse', 'SENEA', '1618120263'),
(74, 'Jamia', 'AQN', '9434073200'),
(75, 'Gabcube', 'BFR', '4055687001'),
(76, 'Voonix', 'CRSP', '8738522667'),
(77, 'Jabbersphere', 'OLLI', '1621062244'),
(78, 'Oozz', 'SPPI', '4525724617'),
(79, 'Quinu', 'IDXG', '7348134114'),
(80, 'Edgeify', 'OSN', '5337483730'),
(81, 'Kanoodle', 'HRG', '4769182163'),
(82, 'Meejo', 'HCKT', '2452683213'),
(83, 'Youbridge', 'AAP', '3089571439'),
(84, 'Yozio', 'TBI', '3755117665'),
(85, 'Fanoodle', 'RXDX', '2538505917'),
(86, 'Quaxo', 'AFSS', '1753871530'),
(87, 'Ainyx', 'PCTI', '8835319528'),
(88, 'Gabvine', 'LGI', '8849163355'),
(89, 'Blogpad', 'EAGLU', '9736375617'),
(90, 'Zoozzy', 'MCD', '7489744911'),
(91, 'Janyx', 'SPWR', '7793761545'),
(92, 'Zava', 'KMDA', '6821849013'),
(93, 'Kazu', 'DSWL', '2751859143'),
(94, 'Yadel', 'ALDW', '3967498832'),
(95, 'Realfire', 'FLIC', '2240289570'),
(96, 'Yozio', 'WFC^N', '8873310176'),
(97, 'Cogidoo', 'ACH', '7728837990'),
(98, 'Midel', 'TTOO', '4427289657'),
(99, 'Oyope', 'ATGE', '5172189815'),
(100, 'Omba', 'BRCD', '6695023492'),
(101, 'Skiba', 'SSYS', '1396296824'),
(102, 'Babbleset', 'IGD', '9810950551'),
(103, 'Eimbee', 'VTNR', '1004005490'),
(104, 'Shuffledrive', 'SERV', '1576811875'),
(105, 'Photolist', 'RCM', '5972719479'),
(106, 'Wordware', 'DS^D', '2480535452'),
(107, 'Jaxbean', 'MTZ', '0841026890'),
(108, 'Devpoint', 'PRGX', '2011028973'),
(109, 'Tagtune', 'ORG', '4975719150'),
(110, 'Skyndu', 'QINC', '8640132240'),
(111, 'Jaxspan', 'GLDI', '1875589279'),
(112, 'Bubblebox', 'CFX', '6715967490'),
(113, 'Devpulse', 'EPR^F', '9661233470'),
(114, 'Geba', 'NAO', '3216653374'),
(115, 'Livetube', 'RPAI', '4494522066'),
(116, 'Aimbo', 'BMA', '6274215581'),
(117, 'Livetube', 'CVI', '0252784111'),
(118, 'Riffwire', 'XRAY', '7495017945'),
(119, 'Bluejam', 'FBNC', '2608144489'),
(120, 'Yambee', 'CADC', '8511558896'),
(121, 'Jabberbean', 'VECO', '0445141875'),
(122, 'Jabbersphere', 'SBBP', '5095016850'),
(123, 'Kazio', 'TNK', '2553443951'),
(124, 'Gabcube', 'PPC', '8611179110'),
(125, 'Zoombox', 'SUI^A', '8050771989'),
(126, 'Dynazzy', 'BOH', '8006384037'),
(127, 'Meezzy', 'DMRC', '6495449771'),
(128, 'Browseblab', 'BSPM', '8314543187'),
(129, 'Flipbug', 'GUT', '6810550240'),
(130, 'Kazio', 'PUK^A', '1011223910'),
(131, 'Realblab', 'CNFR', '2197279424'),
(132, 'Shufflebeat', 'AFSI^B', '6390304617'),
(133, 'Fadeo', 'CHRS', '2328961843'),
(134, 'Brightbean', 'SKYY', '4464436293'),
(135, 'Tagcat', 'USB^O', '9417034871'),
(136, 'Layo', 'ICON', '2053476036'),
(137, 'Browsetype', 'HE^U', '2485081786'),
(138, 'Skajo', 'MCA', '3051820865'),
(139, 'Eire', 'NEE^R', '7415337484'),
(140, 'Meevee', 'AFSD', '8280147993'),
(141, 'Camido', 'HLF', '9985627660'),
(142, 'Youspan', 'CPS', '8204509669'),
(143, 'Trudeo', 'MEDP', '4557662242'),
(144, 'Oba', 'CBAY', '2476125377'),
(145, 'Meedoo', 'FIG', '5722692220'),
(146, 'Snaptags', 'NRK', '5776532779'),
(147, 'Eazzy', 'ST', '8543168015'),
(148, 'Centizu', 'TPRE', '9291432067'),
(149, 'Kwideo', 'PBT', '7949738685'),
(150, 'Avaveo', 'RAND', '1973276984'),
(151, 'Rhyzio', 'CHKE', '1990133444'),
(152, 'Oloo', 'ONTXW', '0302709088'),
(153, 'Rhycero', 'PNTA.CL', '2054030155'),
(154, 'Youfeed', 'WDR', '6966669350'),
(155, 'Twitterworks', 'MGR', '2018490370'),
(156, 'Mynte', 'IPDN', '1905080875'),
(157, 'Oyoyo', 'SBGL', '3186745322'),
(158, 'Katz', 'SBGL', '8336733477'),
(159, 'Devbug', 'CCJ', '2894104162'),
(160, 'Voolia', 'GDV^D', '0875907814'),
(161, 'Livefish', 'PKOH', '8077309003'),
(162, 'Dabvine', 'AFGE', '2541340648'),
(163, 'Kanoodle', 'CTV', '6269473446'),
(164, 'Realbuzz', 'PBSK', '2928893520'),
(165, 'Yombu', 'IROQ', '7991936805'),
(166, 'Realmix', 'JMLP', '4363909013'),
(167, 'Kimia', 'TWO', '3099607444'),
(168, 'Youbridge', 'PYT', '6459866554'),
(169, 'Bubblebox', 'FEI           ', '5457088065'),
(170, 'Jaxbean', 'NDLS', '6209187285'),
(171, 'Flashspan', 'STL', '9549766365'),
(172, 'Shuffletag', 'PBB', '2667387910'),
(173, 'Skaboo', 'SRCL', '9992211261'),
(174, 'Skyndu', 'ADAP', '5755060266'),
(175, 'Yadel', 'HBIO', '0256291209'),
(176, 'Leexo', 'AFA', '4019341656'),
(177, 'Tagpad', 'BBDO', '6431436849'),
(178, 'Fliptune', 'AGTC', '9555117861'),
(179, 'Babbleopia', 'KLAC', '1851411275'),
(180, 'Yambee', 'GSOL', '7908171389'),
(181, 'Jabbersphere', 'BFO', '3906437558'),
(182, 'Quimba', 'MNRO', '6918017519'),
(183, 'Dablist', 'SLG^I', '0765481898'),
(184, 'Tagchat', 'SRTSW', '7566350641'),
(185, 'Browsezoom', 'SAN^B', '7919930111'),
(186, 'Abata', 'HEAR', '3297612177'),
(187, 'Buzzster', 'SIGI', '0874278716'),
(188, 'Quatz', 'SND', '1195626843'),
(189, 'Cogilith', 'RA', '9125669192'),
(190, 'Kanoodle', 'NOM', '9429210580'),
(191, 'Wordify', 'CIM^B', '5382470545'),
(192, 'Zoomlounge', 'FTXR', '9943850019'),
(193, 'Lajo', 'PIZ', '8787163284'),
(194, 'Yotz', 'AIC', '4864367191'),
(195, 'Bubbletube', 'SHOR', '9963483224'),
(196, 'Blogtag', 'FNB^E', '6866368634'),
(197, 'Gabtype', 'OHGI', '3603746449'),
(198, 'Vimbo', 'MNDO', '4244030662'),
(199, 'Kwimbee', 'SDR', '5072459659'),
(200, 'Skilith', 'IMNP          ', '3132233927'),
(201, 'Meeveo', 'CRY', '0305180770'),
(202, 'Demimbu', 'PRAH', '4753011623'),
(203, 'Rhyzio', 'JSD', '5715163900'),
(204, 'Linklinks', 'BDGE', '2573611523'),
(205, 'Browsezoom', 'QQQX', '9100373451'),
(206, 'Oodoo', 'CERCW', '2989357599'),
(207, 'Vipe', 'BSF', '5858243150'),
(208, 'Vipe', 'JTPY', '7844697849'),
(209, 'Wordify', 'PKG', '8072432486'),
(210, 'Livetube', 'GAB^J', '0004330757'),
(211, 'Cogidoo', 'WFC^L', '4159523056'),
(212, 'Eayo', 'VCRA', '2571025082'),
(213, 'Quamba', 'VCEL', '8759320915'),
(214, 'Edgewire', 'SSW^H', '7812388565'),
(215, 'Meetz', 'ALL^A', '1974407837'),
(216, 'Thoughtmix', 'COP', '4348396884'),
(217, 'Agivu', 'CAG', '3399960964'),
(218, 'Devpulse', 'DTLA^', '8105568586'),
(219, 'Minyx', 'HUNT', '1281770728'),
(220, 'Vipe', 'PIRS', '7248689831'),
(221, 'Rhynoodle', 'HIX', '3991022125'),
(222, 'Skimia', 'NVCR', '4306721671'),
(223, 'Zoombox', 'BIDU', '0333999266'),
(224, 'Skipstorm', 'AMZN', '4363213841'),
(225, 'Skippad', 'ACRE', '7721892341'),
(226, 'Devpoint', 'ITW', '0740027905'),
(227, 'Eimbee', 'TCO^K', '4069921060'),
(228, 'Buzzster', 'SXC', '9237507879'),
(229, 'Eare', 'BLUE', '0673934616'),
(230, 'Oyonder', 'E', '6009427991'),
(231, 'Devify', 'BHVN', '6306709665'),
(232, 'Quamba', 'CERC', '5418052160'),
(233, 'Yadel', 'COF^F', '8495076969'),
(234, 'Tagcat', 'CNTY', '8734258752'),
(235, 'Wikizz', 'SOR', '5031581514'),
(236, 'Flashdog', 'BVN', '1938714164'),
(237, 'Jabbersphere', 'FFKT', '8389065711'),
(238, 'Ooba', 'GRP.U', '6404918013'),
(239, 'Tagtune', 'AZRX', '8807663880'),
(240, 'Livepath', 'ALDR', '0982636091'),
(241, 'Kamba', 'MVIS', '6108985860'),
(242, 'Leenti', 'BATRK', '8565730417'),
(243, 'Fivechat', 'BNY', '8219650133'),
(244, 'Yombu', 'AREX', '8844994593'),
(245, 'Eazzy', 'RYAM^A', '8406604824'),
(246, 'Katz', 'SINA', '1723106038'),
(247, 'Leenti', 'QRHC', '4435755505'),
(248, 'Oyoba', 'CCO', '2584284200'),
(249, 'Bubbletube', 'VTN', '1328234398'),
(250, 'Zoonoodle', 'JHI', '4674864062'),
(251, 'Jabbercube', 'USAT', '2826880853'),
(252, 'Kamba', 'EFII', '2501019768'),
(253, 'Jaloo', 'VDTH', '6311592215'),
(254, 'Yakidoo', 'AGNCP', '9732331445'),
(255, 'DabZ', 'GOOGL', '4567791029'),
(256, 'Jazzy', 'BLCM', '5127833093'),
(257, 'Tazz', 'MS^F', '9819299861'),
(258, 'Oyope', 'HYLS', '9820906237'),
(259, 'Youspan', 'SPHS', '4568008107'),
(260, 'Dabfeed', 'KMT', '6418325036'),
(261, 'Wikizz', 'ALXN', '1530909805'),
(262, 'Jazzy', 'GSUM', '1101701919'),
(263, 'Riffpath', 'KGJI', '3252960303'),
(264, 'Photospace', 'ENOC', '5236024544'),
(265, 'Topicstorm', 'BIIB', '1838884041'),
(266, 'Vitz', 'KMM', '6025290962'),
(267, 'Centizu', 'ASC', '8373878564'),
(268, 'Realbuzz', 'AT', '8478790608'),
(269, 'Ozu', 'WIA', '1531494196'),
(270, 'Wordpedia', 'CBSHP', '1028566182'),
(271, 'Yamia', 'ROIC', '2587351790'),
(272, 'Zazio', 'BOTJ', '5086448581'),
(273, 'Zooxo', 'SRUNW', '9624333335'),
(274, 'Wordify', 'FPO', '0467381984'),
(275, 'Layo', 'HNRG', '6950177461'),
(276, 'Mydo', 'SWM', '2828804739'),
(277, 'Brainverse', 'SENEA', '2428717685'),
(278, 'Fivechat', 'EUFN', '3262172154'),
(279, 'Quinu', 'PAYX', '6095389720'),
(280, 'Blogspan', 'ZF', '3887845315'),
(281, 'Buzzshare', 'RGS', '3203709406'),
(282, 'Ntags', 'CRI', '0486623386'),
(283, 'Jabbertype', 'RILY', '6868155298'),
(284, 'Shufflester', 'SSW', '0774254068'),
(285, 'Edgeblab', 'TVE', '0876001770'),
(286, 'Realmix', 'RVEN', '1683924223'),
(287, 'InnoZ', 'RXII', '9809728360'),
(288, 'Buzzster', 'OTTW', '6746579603'),
(289, 'Yadel', 'PSL', '4079347596'),
(290, 'Skajo', 'CJ', '1489202498'),
(291, 'Digitube', 'CADC', '1943828482'),
(292, 'Gabspot', 'SKYW', '1212790413'),
(293, 'Oyoyo', 'JELD', '4471107992'),
(294, 'Gabcube', 'ASPN', '5473824579'),
(295, 'Abata', 'INDY', '0327047054'),
(296, 'Twimm', 'HUN', '6221832993'),
(297, 'Kimia', 'FLT', '6995057872'),
(298, 'Twiyo', 'FTHI', '6088233400'),
(299, 'Zoovu', 'ETM', '2898333131'),
(300, 'Kare', 'CNIT', '7751966920'),
(301, 'Jaxnation', 'PODD', '2365476473'),
(302, 'Riffpath', 'FII', '3080801539'),
(303, 'Blogtag', 'HELE', '3602190145'),
(304, 'Gigaclub', 'DELTW', '1496136233'),
(305, 'Mybuzz', 'RRR', '6224367973'),
(306, 'Jabberstorm', 'IVR^B', '3188666489'),
(307, 'Rhyzio', 'CORT', '4416118910'),
(308, 'Youtags', 'M', '9521640138'),
(309, 'Leenti', 'NYV', '4869990296'),
(310, 'Brainbox', 'OTTR', '9837407956'),
(311, 'Kwinu', 'KF', '4075324044'),
(312, 'Gabtype', 'SNCR', '1518835449'),
(313, 'Centimia', 'PINC', '8038235622'),
(314, 'Dynazzy', 'FF', '9672741014'),
(315, 'Kazio', 'WAAS', '9137198874'),
(316, 'Photobean', 'TEGP', '2428899716'),
(317, 'Yacero', 'ACXM', '6405234983'),
(318, 'Einti', 'YIN', '3647920398'),
(319, 'Demizz', 'CIEN', '8022653721'),
(320, 'Podcat', 'WFC^Q', '5163918184'),
(321, 'Aimbo', 'OTEL', '5882639581'),
(322, 'Aibox', 'ETJ', '2175739589'),
(323, 'Dabvine', 'WTR', '1577527402'),
(324, 'Realbridge', 'FDT', '2014632243'),
(325, 'Oyoba', 'ICON', '1543979580'),
(326, 'Eare', 'DS^D', '9384780421'),
(327, 'Kaymbo', 'ITUS', '0093161786'),
(328, 'Linkbuzz', 'SRCLP', '1915825342'),
(329, 'Omba', 'WFC^P', '6151879392'),
(330, 'Twimbo', 'EME', '9254561576'),
(331, 'Riffpath', 'NEE', '0435065823'),
(332, 'Oyondu', 'CTDD', '3781504840'),
(333, 'Photobug', 'KBSF', '3644054509'),
(334, 'Blogtags', 'SRCL', '1195932871'),
(335, 'Livetube', 'LPI', '3879277125'),
(336, 'Edgewire', 'OMF', '8691496401'),
(337, 'Rhyzio', 'PRTA', '5731227098'),
(338, 'Edgetag', 'PFMT', '4614155707'),
(339, 'Eare', 'FIZZ', '8885536220'),
(340, 'Lazzy', 'PSCC', '2797656784'),
(341, 'Eayo', 'CXRX', '3932178467'),
(342, 'Jaxworks', 'WHG', '7222906061'),
(343, 'Yodoo', 'ADRU', '0933624999'),
(344, 'Browsetype', 'SFS', '4831378372'),
(345, 'Cogibox', 'NSH', '2384205331'),
(346, 'Yotz', 'NZF', '9247306019'),
(347, 'Divavu', 'RSPP', '9109960058'),
(348, 'Dabtype', 'MGNX', '4374035680'),
(349, 'Skimia', 'TMHC', '9747904632'),
(350, 'Mynte', 'NBEV', '2448667918'),
(351, 'Zazio', 'HEES', '1206756322'),
(352, 'Rhyzio', 'TIME', '0551059516'),
(353, 'Dynabox', 'AZUL', '2476125504'),
(354, 'Camido', 'C^P', '9742804168'),
(355, 'Pixonyx', 'ATRO', '3909843379'),
(356, 'Brightdog', 'CDR^B', '6282363772'),
(357, 'Geba', 'HLNE', '3622560835'),
(358, 'Feedbug', 'RENN', '3421947767'),
(359, 'Youspan', 'NRIM', '4620971006'),
(360, 'Tagpad', 'TLND', '2567239375'),
(361, 'Thoughtsphere', 'CEVA', '9120913524'),
(362, 'Flipbug', 'PSL', '1545930058'),
(363, 'Mynte', 'EXFO', '2505221405'),
(364, 'Feedfish', 'TUSK', '4861728258'),
(365, 'Wikizz', 'COHR', '2005205478'),
(366, 'Zoombox', 'RP', '0515166782'),
(367, 'Zazio', 'PRTA', '2522596004'),
(368, 'Skimia', 'LGIH', '2704362378'),
(369, 'Tagpad', 'CUBI', '5414359334'),
(370, 'Divape', 'TSRO', '3803937191'),
(371, 'Trilia', 'AIV', '0490101038'),
(372, 'Vidoo', 'SSNC', '5811402848'),
(373, 'InnoZ', 'ORG', '8018500436'),
(374, 'Innojam', 'PVTBP', '0210062711'),
(375, 'Yodel', 'PTIE', '1338294172'),
(376, 'Eare', 'SLF', '3676812352'),
(377, 'Skipfire', 'SUPV', '7753766619'),
(378, 'Wordify', 'FET', '2263024026'),
(379, 'Quimba', 'PHMD', '7675729765'),
(380, 'Thoughtstorm', 'GLP', '5814179279'),
(381, 'Skimia', 'AMRN', '9287588147'),
(382, 'Yoveo', 'GBCI', '8801207379'),
(383, 'Gabvine', 'GGZ', '0590595679'),
(384, 'Snaptags', 'SBUX', '6763308213'),
(385, 'Meedoo', 'HPT', '2887996967'),
(386, 'Avaveo', 'ZAIS', '9042775793'),
(387, 'Babbleopia', 'WLDN', '6934148355'),
(388, 'Skidoo', 'FRPH', '9770175056'),
(389, 'Gabtune', 'ALDR', '2536773973'),
(390, 'Browsezoom', 'JE^A', '5116854027'),
(391, 'Podcat', 'BTZ', '7928560666'),
(392, 'Rhynyx', 'UPLD', '1390989380'),
(393, 'Jabbersphere', 'MTB.WS', '1901464563'),
(394, 'Camimbo', 'FL', '5124420820'),
(395, 'Skalith', 'IESC', '6696431942'),
(396, 'Livepath', 'GS', '0854268715'),
(397, 'Trudoo', 'SN', '5896825943'),
(398, 'Realcube', 'PSB^T', '2529344299'),
(399, 'Fadeo', 'CARB', '6886917323'),
(400, 'Topdrive', 'CID', '8167897753'),
(401, 'Devpoint', 'STLY', '5794628464'),
(402, 'Shuffledrive', 'CIG', '5289916628'),
(403, 'Vimbo', 'WDFC', '6007707474'),
(404, 'Brightdog', 'FFBCW', '5954661294'),
(405, 'Teklist', 'JGH', '4591868516'),
(406, 'Tanoodle', 'BDGE', '3161642023'),
(407, 'Agivu', 'ASPS', '3334776824'),
(408, 'Skiba', 'ANGO', '2243605430'),
(409, 'Camimbo', 'KFN^', '1643093223'),
(410, 'Twinder', 'FHY', '2486449590'),
(411, 'Skilith', 'GLBL', '5035256642'),
(412, 'Paul Johnson', 'PJ', '0000000000');

-- --------------------------------------------------------

--
-- Struktura tabeli dla tabeli `company_user`
--

CREATE TABLE `company_user` (
  `company_user_id` int(11) NOT NULL,
  `company_id` int(11) NOT NULL,
  `first_name` varchar(200) COLLATE utf8_polish_ci NOT NULL,
  `last_name` varchar(200) COLLATE utf8_polish_ci NOT NULL,
  `email` varchar(200) COLLATE utf8_polish_ci NOT NULL,
  `password` varchar(300) COLLATE utf8_polish_ci NOT NULL,
  `last_time_login` timestamp NOT NULL DEFAULT current_timestamp() ON UPDATE current_timestamp()
) ENGINE=InnoDB DEFAULT CHARSET=utf8 COLLATE=utf8_polish_ci;

--
-- Zrzut danych tabeli `company_user`
--

INSERT INTO `company_user` (`company_user_id`, `company_id`, `first_name`, `last_name`, `email`, `password`, `last_time_login`) VALUES
(1, 1, 'Jan', 'Kowalski', 'jan@kowalski.pl', '04e58b5c26fbf80a3fe6331a864b69e9', '2022-01-14 23:27:47'),
(2, 3, 'Adam', 'Nowak', 'adam@nowak.pl', 'ad0234829205b9033196ba818f7a872b', '2022-01-14 23:28:00'),
(3, 3, 'Janina', 'Nowak', 'janina@nowak.pl', '86985e105f79b95d6bc918fb45ec7727', '2022-01-14 23:28:09'),
(4, 4, 'Józef', 'Nowakowski', 'juzio@nowakowski.test', 'e279fad2beb90278492539dfd8f01fa7', '2022-01-14 23:28:19'),
(7, 6, 'Tadeusz', 'Borowiak', 'tadeusz@borowiak.pl', '870794e9a1414bd994248c1006df3a90', '2022-01-14 23:28:27'),
(8, 7, 'Krystian', 'Markowski', 'krystian@markowski.pl', 'd0f2165df44a53c437b043ca7553cd97', '2022-01-14 23:28:37'),
(10, 9, 'Michał', 'Janusz', 'michal@janusz.pl', '06b2af75179fb94be097af182a442a4a', '2022-01-14 23:28:48'),
(12, 4, 'Janusz', 'Tracz', 'janusz@tracz.pl', '087d9c5e13bdd64a82bef8e013625c32', '2022-01-14 21:58:03'),
(13, 283, 'Tybalt', 'Hillan', 'Tybalt@Hillan.com', 'd70ab1aa80f241a74322559c14d18f39', '2022-01-14 23:27:16'),
(14, 323, 'Delmer', 'Emmanuele', 'Delmer@Emmanuele.com', 'ad41b0e97cea152193ffe000063edb86', '2022-01-14 23:27:16'),
(15, 344, 'Moe', 'Marklin', 'Moe@Marklin.com', 'd0d705d5f914fa75101e34a5d5bc9b53', '2022-01-14 23:27:16'),
(16, 219, 'Scott', 'Siemons', 'Scott@Siemons.com', '1476ee8c969d715120741a4ba86f7e07', '2022-01-14 23:27:16'),
(17, 63, 'Nell', 'Charsley', 'Nell@Charsley.com', '442e2cabbf2f900ab712e3d8cadce66b', '2022-01-14 23:27:16'),
(18, 180, 'Lucky', 'Ingarfield', 'Lucky@Ingarfield.com', '097b92fc3ee5be99f97859f538148920', '2022-01-14 23:27:16'),
(19, 113, 'Tades', 'Peasegood', 'Tades@Peasegood.com', '65a5a86cb00610bb2a61807c3e48ef36', '2022-01-14 23:27:16'),
(20, 335, 'Victoir', 'Lindeboom', 'Victoir@Lindeboom.com', 'a2151244b6e5ce47898c21443b6ed0ba', '2022-01-14 23:27:16'),
(21, 361, 'Jerrilyn', 'Hinstock', 'Jerrilyn@Hinstock.com', '32357662dda35c62879124b72cc1dfbc', '2022-01-14 23:27:16'),
(22, 160, 'Ruthann', 'Corey', 'Ruthann@Corey.com', '44029ddc6aef9e421623bad2d8a4fefd', '2022-01-14 23:27:16'),
(23, 23, 'Lucien', 'Rudland', 'Lucien@Rudland.com', 'c368bca77a995e341f8a50a0b950ab0e', '2022-01-14 23:27:16'),
(24, 157, 'Delinda', 'Mawhinney', 'Delinda@Mawhinney.com', '71a7a71f69aa65efccfc589a7001d17b', '2022-01-14 23:27:16'),
(25, 151, 'Jacklin', 'Barr', 'Jacklin@Barr.com', 'd09e3b6956bdbbb8e3ace0313c4dfb30', '2022-01-14 23:27:16'),
(26, 139, 'Michel', 'Dandy', 'Michel@Dandy.com', '7884e16cc21fabb9e0bc3be54721df1d', '2022-01-14 23:27:16'),
(27, 85, 'Whitman', 'Millsap', 'Whitman@Millsap.com', 'eee2b1060288fdd663ef34abc9813f72', '2022-01-14 23:27:16'),
(28, 395, 'Aretha', 'Paeckmeyer', 'Aretha@Paeckmeyer.com', 'f98620ebafda1ed4161cc0f7a8570e97', '2022-01-14 23:27:16'),
(29, 360, 'Nevile', 'Janowski', 'Nevile@Janowski.com', '25da7d7b0584c2c709275c065852ccc1', '2022-01-14 23:27:16'),
(30, 138, 'Bryant', 'Antham', 'Bryant@Antham.com', '21113dd25919fb91dec1df142e16c61e', '2022-01-14 23:27:16'),
(31, 100, 'Kathryne', 'Heak', 'Kathryne@Heak.com', '21e45843988196efcbdc4d3f4a1f736c', '2022-01-14 23:27:16'),
(32, 347, 'Felix', 'Ilchuk', 'Felix@Ilchuk.com', '112e18f86b20413df4609099076f7b46', '2022-01-14 23:27:16'),
(33, 246, 'Mavis', 'Joynson', 'Mavis@Joynson.com', '3129e1bd7250c125be5d02a12958d48c', '2022-01-14 23:27:16'),
(34, 144, 'Inez', 'Kahane', 'Inez@Kahane.com', 'fb79f48dbcb5d29d4a656adf461d164f', '2022-01-14 23:27:16'),
(35, 401, 'Raff', 'Lander', 'Raff@Lander.com', 'e3efd69c49524e295784dc4f247e089c', '2022-01-14 23:27:16'),
(36, 263, 'Karyn', 'Hulatt', 'Karyn@Hulatt.com', '3bd351a09ab19e37cb6d8cc51c7b8544', '2022-01-14 23:27:16'),
(37, 158, 'Eugine', 'Sorley', 'Eugine@Sorley.com', 'd151ef89299407f9aa08e84a172fe0f4', '2022-01-14 23:27:16'),
(38, 3, 'Atalanta', 'Layborn', 'Atalanta@Layborn.com', '5677ea948d5306d4de844a68f90f8ed0', '2022-01-14 23:27:16'),
(39, 193, 'Gardener', 'Wrefford', 'Gardener@Wrefford.com', '120f8d91c4a64c21256275cc0f917f66', '2022-01-14 23:27:16'),
(40, 409, 'Cully', 'Drinan', 'Cully@Drinan.com', '400864d080d74093be654b49d9139806', '2022-01-14 23:27:16'),
(41, 82, 'Thaxter', 'Lowdiane', 'Thaxter@Lowdiane.com', '91269a3917f9cf151faac6022a74cbf3', '2022-01-14 23:27:16'),
(42, 362, 'Rochette', 'Polycote', 'Rochette@Polycote.com', 'cc1d6bf16308002401f35a776d1274ff', '2022-01-14 23:27:16'),
(43, 292, 'Veradis', 'Cristobal', 'Veradis@Cristobal.com', '16ed678f57b9f114af74aa9a60156ece', '2022-01-14 23:27:16'),
(44, 345, 'Jaquith', 'Malamore', 'Jaquith@Malamore.com', '4efbbe1b1cb893d1b87ac9f726866710', '2022-01-14 23:27:16'),
(45, 316, 'Gerladina', 'Alf', 'Gerladina@Alf.com', 'ec50456352b3d46d795d03263ba30317', '2022-01-14 23:27:16'),
(46, 128, 'Valentino', 'MacCahey', 'Valentino@MacCahey.com', '8104be4dbf29f2eaaad5627e370d1f22', '2022-01-14 23:27:16'),
(47, 234, 'Fannie', 'Biford', 'Fannie@Biford.com', '0d955cad2baf2da408dec62c63b00bcb', '2022-01-14 23:27:16'),
(48, 73, 'Charmine', 'Plumridege', 'Charmine@Plumridege.com', 'dea999faddc22bc507c6749953a35f20', '2022-01-14 23:27:16'),
(49, 186, 'Larissa', 'Pickerill', 'Larissa@Pickerill.com', '5751a541f931928ea6db0f527359da7c', '2022-01-14 23:27:16'),
(50, 93, 'Garrek', 'Warne', 'Garrek@Warne.com', '89636af9f7b3d4bf1e735b592cf099cc', '2022-01-14 23:27:16'),
(51, 152, 'Ebeneser', 'Milliere', 'Ebeneser@Milliere.com', '49d0cf8ea31248b88450eaff48687ff6', '2022-01-14 23:27:16'),
(52, 411, 'Carmelia', 'Domenichini', 'Carmelia@Domenichini.com', 'df3c59ea3b5cc665b85bc9092e58af2d', '2022-01-14 23:27:16'),
(53, 360, 'Holli', 'Grishanin', 'Holli@Grishanin.com', '8ca5e62bf911fe72085c9441e53773cf', '2022-01-14 23:27:16'),
(54, 302, 'Whitaker', 'Christon', 'Whitaker@Christon.com', '6054846421a11175d26e05d2964f693d', '2022-01-14 23:27:16'),
(55, 269, 'Chilton', 'Brisco', 'Chilton@Brisco.com', 'fee88e7cc6d62b621344d67d0036552c', '2022-01-14 23:27:16'),
(56, 111, 'Rina', 'McRamsey', 'Rina@McRamsey.com', '24dd93c53af435bd3b33c626051352b0', '2022-01-14 23:27:16'),
(57, 287, 'Jazmin', 'Pender', 'Jazmin@Pender.com', '608616dbf0622729eb46388a8a137d78', '2022-01-14 23:27:16'),
(58, 62, 'Roze', 'Rule', 'Roze@Rule.com', 'c4b16c3c88f0e3ba21e15d6f4aac9ff1', '2022-01-14 23:27:16'),
(59, 232, 'Hertha', 'Clarridge', 'Hertha@Clarridge.com', '479f9b2aea6a6a01b9b126053a6ebfe4', '2022-01-14 23:27:16'),
(60, 243, 'Russ', 'Suttill', 'Russ@Suttill.com', 'f44c5d30c9b264265d5f57b1a27ceb21', '2022-01-14 23:27:16'),
(61, 198, 'Byrle', 'Bootes', 'Byrle@Bootes.com', 'ee2008935af5c5f0fcf910e0c41cf1fa', '2022-01-14 23:27:16'),
(62, 313, 'Torrance', 'Elner', 'Torrance@Elner.com', 'd200dd5458a1dda7e5111dbe680e1fbe', '2022-01-14 23:27:16'),
(63, 239, 'Erl', 'Melia', 'Erl@Melia.com', 'eb67d9235a732d439d91e329ddcda927', '2022-01-14 23:27:16'),
(64, 201, 'Esmaria', 'Mangam', 'Esmaria@Mangam.com', 'a349aa2cce68c429faae5093ef3f8e10', '2022-01-14 23:27:16'),
(65, 395, 'Elyse', 'Harradine', 'Elyse@Harradine.com', 'fe8ad45575fd7911c96ac2fe2603a8b3', '2022-01-14 23:27:16'),
(66, 192, 'Lek', 'Sulland', 'Lek@Sulland.com', '00ec26768f885f1fed187e0e50bcebee', '2022-01-14 23:27:16'),
(67, 119, 'Gabby', 'Claris', 'Gabby@Claris.com', 'eee88d20f08c2409fe8cddcaf0e6bce5', '2022-01-14 23:27:16'),
(68, 72, 'Wait', 'Kik', 'Wait@Kik.com', 'd8e5c0dc4f9e773b96bbfb067020363c', '2022-01-14 23:27:16'),
(69, 405, 'Merilyn', 'Banasik', 'Merilyn@Banasik.com', '3c73433694037042cb68ade3ed4f3c5a', '2022-01-14 23:27:16'),
(70, 67, 'Kathie', 'Plaster', 'Kathie@Plaster.com', 'eea75f2d83fc2a1ee4745f88727555f4', '2022-01-14 23:27:16'),
(71, 65, 'Dorelle', 'Philipet', 'Dorelle@Philipet.com', '431a63357114f697d89f82309f3ef8b4', '2022-01-14 23:27:16'),
(72, 52, 'Glynis', 'McLernon', 'Glynis@McLernon.com', 'caa7c59dac7ca16f67023846c6dea857', '2022-01-14 23:27:16'),
(73, 106, 'Wilbur', 'Mardy', 'Wilbur@Mardy.com', '551118869e62ea2ed2c80051c42553b4', '2022-01-14 23:27:16'),
(74, 116, 'Phillipe', 'Geerling', 'Phillipe@Geerling.com', '708660080a0b4e8a692f92715355a400', '2022-01-14 23:27:16'),
(75, 186, 'Nicola', 'Lennon', 'Nicola@Lennon.com', '435621842df7447463e4ef9daf346d26', '2022-01-14 23:27:16'),
(76, 35, 'Gradeigh', 'Yesichev', 'Gradeigh@Yesichev.com', '78adf1e19e1c7e10b1b73ed76f156052', '2022-01-14 23:27:17'),
(77, 168, 'Maxie', 'Cummine', 'Maxie@Cummine.com', 'f0f4ffce6eae9089d2bead819eac13b1', '2022-01-14 23:27:17'),
(78, 295, 'Farley', 'Paulo', 'Farley@Paulo.com', '9a5d4d7353bb14c31720a2a64b142990', '2022-01-14 23:27:17'),
(79, 56, 'Ketty', 'Hellin', 'Ketty@Hellin.com', 'a94ce499cab7a4f536454612413a4215', '2022-01-14 23:27:17'),
(80, 65, 'Irv', 'Durnell', 'Irv@Durnell.com', '1c9346d3f2a3f15f7adf4361b3bf9b53', '2022-01-14 23:27:17'),
(81, 243, 'Aveline', 'Labern', 'Aveline@Labern.com', '0a3215d38f2b2bbc6bb3742063b194c0', '2022-01-14 23:27:17'),
(82, 193, 'Susann', 'Joutapaitis', 'Susann@Joutapaitis.com', 'b349418b76bfcaa2c0b7130152e03f7a', '2022-01-14 23:27:17'),
(83, 285, 'Agathe', 'Absalom', 'Agathe@Absalom.com', '6d7fc66e56df1ccac0ba8ed17584f93c', '2022-01-14 23:27:17'),
(84, 230, 'Lorrie', 'Brashaw', 'Lorrie@Brashaw.com', '4893cd4c79443ed64b302fbc44ecfcd6', '2022-01-14 23:27:17'),
(85, 391, 'Bernhard', 'Dowsey', 'Bernhard@Dowsey.com', 'ede9239fef5daf97831e590faba5f7a9', '2022-01-14 23:27:17'),
(86, 86, 'Kelbee', 'Bowsher', 'Kelbee@Bowsher.com', '0a7f7e6b93869bc740dcb47fd079a43e', '2022-01-14 23:27:17'),
(87, 31, 'Toddie', 'Gaynes', 'Toddie@Gaynes.com', '27f15fbabfdece02ec240fda9918cbc6', '2022-01-14 23:27:17'),
(88, 167, 'Lottie', 'Cowthard', 'Lottie@Cowthard.com', '47b73470e32b4ad321204c9970c0286d', '2022-01-14 23:27:17'),
(89, 382, 'Kari', 'Cocozza', 'Kari@Cocozza.com', 'cb6f948747b39f98e98228f36df921b0', '2022-01-14 23:27:17'),
(90, 374, 'Cornelius', 'Faithfull', 'Cornelius@Faithfull.com', '3683c68897c8aee071065c91cb593899', '2022-01-14 23:27:17'),
(91, 330, 'Matti', 'Farthing', 'Matti@Farthing.com', '4668aca4ce2146fbf5e5a588e473d590', '2022-01-14 23:27:17'),
(92, 241, 'Linet', 'Kastel', 'Linet@Kastel.com', '32e67fe3adca4247c8905f798c1641b1', '2022-01-14 23:27:17'),
(93, 222, 'Seymour', 'Scandwright', 'Seymour@Scandwright.com', '2c0322049fb921c68ebe7f365cf5f7db', '2022-01-14 23:27:17'),
(94, 100, 'Kaylyn', 'Shuttell', 'Kaylyn@Shuttell.com', 'bcf08d719bb2b7c8b19adb15d67933ae', '2022-01-14 23:27:17'),
(95, 4, 'Gordon', 'Ferrer', 'Gordon@Ferrer.com', '653c7a68a4f86d48933e6e06a3d74735', '2022-01-14 23:27:17'),
(96, 301, 'Jodi', 'Greggor', 'Jodi@Greggor.com', '6ffd42a1df40391e8bd5a1dd6891d085', '2022-01-14 23:27:17'),
(97, 214, 'Estrella', 'Fitzgerald', 'Estrella@Fitzgerald.com', '139a43bce63ebd6c6fa6ee622c3b2d7d', '2022-01-14 23:27:17'),
(98, 187, 'Sibeal', 'McMennum', 'Sibeal@McMennum.com', '412ccd9e498e7eb17e1fb9c32887916c', '2022-01-14 23:27:17'),
(99, 296, 'Willabella', 'Strass', 'Willabella@Strass.com', 'c55760259f010306b885e616adb27e21', '2022-01-14 23:27:17'),
(100, 53, 'Emlen', 'Kittoe', 'Emlen@Kittoe.com', '7f12102868681c4d5cdaf5b7e9562e16', '2022-01-14 23:27:17'),
(101, 309, 'Boigie', 'Trahmel', 'Boigie@Trahmel.com', 'c9c2df7a0cf2899593eedca8fcd2a986', '2022-01-14 23:27:17'),
(102, 172, 'Starla', 'Patching', 'Starla@Patching.com', '085dffca026d1e18727288f69581a377', '2022-01-14 23:27:17'),
(103, 184, 'Bryce', 'Fulcher', 'Bryce@Fulcher.com', 'c0dd86f683a9d0dbcaa82614a865a4a5', '2022-01-14 23:27:17'),
(104, 272, 'Kellsie', 'Heatley', 'Kellsie@Heatley.com', 'accc8a7170d586cbde33df4668484bec', '2022-01-14 23:27:17'),
(105, 215, 'Rickie', 'Blenkiron', 'Rickie@Blenkiron.com', '8b0f4c7e696a08cd50d41920bca092ec', '2022-01-14 23:27:17'),
(106, 138, 'Tate', 'Sellors', 'Tate@Sellors.com', '4b063eec4eb00c8cbb845666262b7466', '2022-01-14 23:27:17'),
(107, 46, 'Allin', 'Burtonshaw', 'Allin@Burtonshaw.com', '488bc06c844b154e170bfd9807b2aaca', '2022-01-14 23:27:17'),
(108, 62, 'Lila', 'Purrington', 'Lila@Purrington.com', '20ebf19c660e15ea04f62a2ba1809729', '2022-01-14 23:27:17'),
(109, 116, 'Linnet', 'Matussow', 'Linnet@Matussow.com', '736401d42857754ab7bc28df0a39ddd9', '2022-01-14 23:27:17'),
(110, 199, 'Fairleigh', 'Wooffinden', 'Fairleigh@Wooffinden.com', '4ee58de8e78cec099392e1027ba58eb9', '2022-01-14 23:27:17'),
(111, 265, 'Ludovika', 'Farloe', 'Ludovika@Farloe.com', '713dbc472c1f64e0657254fa908e40a5', '2022-01-14 23:27:17'),
(112, 165, 'Renie', 'Juarez', 'Renie@Juarez.com', '9a2abd52c1fdcbcfa678edb601339d41', '2022-01-14 23:27:17'),
(113, 310, 'Dee', 'Wadham', 'Dee@Wadham.com', '2697dd6b37920bf5b9306fa84f465311', '2022-01-14 23:27:17'),
(114, 77, 'Frederich', 'Olivera', 'Frederich@Olivera.com', 'bc64968b7eecc1d872a688ead6dcd5e5', '2022-01-14 23:27:17'),
(115, 193, 'Flory', 'Gooder', 'Flory@Gooder.com', 'b6fe85848eebcc1c57fd17cf59da04e1', '2022-01-14 23:27:17'),
(116, 304, 'Tessa', 'Gauche', 'Tessa@Gauche.com', '8708f484f8ba465cd324f89b02892209', '2022-01-14 23:27:17'),
(117, 161, 'Geneva', 'Ward', 'Geneva@Ward.com', 'a7312969608bbad783635706f68c19a7', '2022-01-14 23:27:17'),
(118, 285, 'Arden', 'Revill', 'Arden@Revill.com', '3397f93466eb2d3bce5944d4d875c1f2', '2022-01-14 23:27:17'),
(119, 175, 'Phil', 'Blundon', 'Phil@Blundon.com', 'a4fc074e481134e319933ed5d2780bde', '2022-01-14 23:27:17'),
(120, 387, 'Sisely', 'Gerrish', 'Sisely@Gerrish.com', 'f41e161671d226d2d89b24cc77b4ee67', '2022-01-14 23:27:17'),
(121, 217, 'Etheline', 'Crus', 'Etheline@Crus.com', 'ac06ac29e83ea2b402584454f03358f9', '2022-01-14 23:27:17'),
(122, 196, 'Aurea', 'Dahlbom', 'Aurea@Dahlbom.com', 'bb059c66b657f20e592e036adb9fbf02', '2022-01-14 23:27:17'),
(123, 163, 'Manda', 'Lanfare', 'Manda@Lanfare.com', '37618b8606d795e5012531562c8616e2', '2022-01-14 23:27:17'),
(124, 54, 'Nita', 'Tremouille', 'Nita@Tremouille.com', '9cb12fe906b82024e4b78ead33e7cb56', '2022-01-14 23:27:17'),
(125, 21, 'Meryl', 'Dermott', 'Meryl@Dermott.com', 'e2845ace98d2ca8f6cb29debd740138e', '2022-01-14 23:27:17'),
(126, 353, 'Forrester', 'Blackaller', 'Forrester@Blackaller.com', '8d6bded1965ebfb4b1f0253077b17eb8', '2022-01-14 23:27:17'),
(127, 230, 'Rachael', 'Clery', 'Rachael@Clery.com', 'f419161e7512e419e93fbb338c235cda', '2022-01-14 23:27:17'),
(128, 93, 'Nickola', 'Thomasen', 'Nickola@Thomasen.com', '13bd9185d032dc9a15c36cf90b6a2176', '2022-01-14 23:27:17'),
(129, 251, 'Brandon', 'Fearn', 'Brandon@Fearn.com', 'f2ecf97579da6e298dac1cefd6502e5b', '2022-01-14 23:27:17'),
(130, 300, 'Sianna', 'Stansfield', 'Sianna@Stansfield.com', '64714d83404d499c128fbb5829555997', '2022-01-14 23:27:17'),
(131, 167, 'Annelise', 'Georgins', 'Annelise@Georgins.com', '0cba89f2b3f8fdd26369f0e742a6c050', '2022-01-14 23:27:17'),
(132, 99, 'Myranda', 'Kentish', 'Myranda@Kentish.com', '5f91751c92681e0a021c7f1dd8c0621e', '2022-01-14 23:27:17'),
(133, 408, 'Virge', 'Hassur', 'Virge@Hassur.com', '7837a2de1e451adca2cb3dc2727e23c0', '2022-01-14 23:27:17'),
(134, 61, 'Micheal', 'Chestnutt', 'Micheal@Chestnutt.com', '24d50e47947caf44f2828778a2028fd6', '2022-01-14 23:27:17'),
(135, 64, 'Dinnie', 'Womersley', 'Dinnie@Womersley.com', '6e2b50fa2170ec43c188566926eae86a', '2022-01-14 23:27:17'),
(136, 20, 'Andee', 'Naris', 'Andee@Naris.com', '93681d7eea7d0902feabf8e441f3311a', '2022-01-14 23:27:17'),
(137, 345, 'Demott', 'Duns', 'Demott@Duns.com', 'aa5026f84aea417c6c4edc914b78c498', '2022-01-14 23:27:17'),
(138, 262, 'Lewes', 'Cheater', 'Lewes@Cheater.com', '72dc33f0d454c6d81e2fc2b2d96bd243', '2022-01-14 23:27:17'),
(139, 121, 'Alasdair', 'Yarr', 'Alasdair@Yarr.com', '578e325010f451d81556db457a64b1d8', '2022-01-14 23:27:17'),
(140, 31, 'Sidonia', 'Leyes', 'Sidonia@Leyes.com', 'c58a5ff9e321d31b19a0ae37c35c54e6', '2022-01-14 23:27:17'),
(141, 161, 'Marlie', 'Kryzhov', 'Marlie@Kryzhov.com', 'f7017ddd8aad30a9e7ecafb6c89f39be', '2022-01-14 23:27:17'),
(142, 1, 'Siward', 'Lehemann', 'Siward@Lehemann.com', 'c7d1da1b70bc1d7d1fabda89a25f122d', '2022-01-14 23:27:17'),
(143, 135, 'Hayes', 'Innwood', 'Hayes@Innwood.com', '9400701425c31472fc3f79f06f54d404', '2022-01-14 23:27:17'),
(144, 76, 'Janek', 'Dradey', 'Janek@Dradey.com', '15608b8b46c58769487f4722e1758a2c', '2022-01-14 23:27:17'),
(145, 381, 'Dari', 'Garlee', 'Dari@Garlee.com', 'b0d4a9b4f039023fbf99cd5f6980a7b1', '2022-01-14 23:27:17'),
(146, 191, 'Ruttger', 'O\'Downe', 'Ruttger@O\'Downe.com', '0795173651cc5d6947f494a6cc27bc18', '2022-01-14 23:27:17'),
(147, 163, 'Berti', 'Kingsnoad', 'Berti@Kingsnoad.com', 'f9b19f57c8d3123fd3100e61159c6fd6', '2022-01-14 23:27:17'),
(148, 359, 'Eugene', 'Loyley', 'Eugene@Loyley.com', '65dd9e3826d8bd0fe7499ff31a91803e', '2022-01-14 23:27:17'),
(149, 154, 'Evania', 'Hendriksen', 'Evania@Hendriksen.com', '855c36eee3ff4144c2c9718526cb8909', '2022-01-14 23:27:17'),
(150, 151, 'Suki', 'Canner', 'Suki@Canner.com', '0d4656f83ca83562dc5ac7b160337c69', '2022-01-14 23:27:17'),
(151, 112, 'Whitney', 'Sargeant', 'Whitney@Sargeant.com', '3243b342b017668736079a0578b918c1', '2022-01-14 23:27:17'),
(152, 324, 'Debbi', 'Goodale', 'Debbi@Goodale.com', 'eef9566ceebab04bccba04d743368691', '2022-01-14 23:27:17'),
(153, 292, 'Basil', 'Jeffryes', 'Basil@Jeffryes.com', '2a9af0f04dcc010973c8d25352017eaf', '2022-01-14 23:27:17'),
(154, 27, 'Moria', 'Vitte', 'Moria@Vitte.com', '0b2a47f2728b4df4bf89b53a5f963ba8', '2022-01-14 23:27:17'),
(155, 11, 'Bobbee', 'Smail', 'Bobbee@Smail.com', 'e1b2a03ce0d723b90bff95c43ac66eb7', '2022-01-14 23:27:17'),
(156, 365, 'Karoly', 'Etherton', 'Karoly@Etherton.com', '576204418009a4e45cb470a2280823bd', '2022-01-14 23:27:17'),
(157, 170, 'Gregoire', 'Kingston', 'Gregoire@Kingston.com', '351e016181e840256233417fe87d0855', '2022-01-14 23:27:17'),
(158, 200, 'Ursala', 'Keetley', 'Ursala@Keetley.com', '913146c18449384fff38a7ca9298d36b', '2022-01-14 23:27:17'),
(159, 255, 'Sergent', 'Rodnight', 'Sergent@Rodnight.com', '729f6359b5d9e033bc98be099a311442', '2022-01-14 23:27:17'),
(160, 228, 'Bastian', 'O\'Henehan', 'Bastian@O\'Henehan.com', '4efab315a24d4c1b0649bf93250f4dd6', '2022-01-14 23:27:17'),
(161, 407, 'Deb', 'Stooke', 'Deb@Stooke.com', 'baa936bd2aa94f4d79572f7bb1c2f2c7', '2022-01-14 23:27:17'),
(162, 123, 'Robinett', 'Moxsom', 'Robinett@Moxsom.com', '59c7011d11ec170209e8f242ab4337ce', '2022-01-14 23:27:17'),
(163, 128, 'Trista', 'Dewing', 'Trista@Dewing.com', 'db56503c1980ba0547131483750043a6', '2022-01-14 23:27:17'),
(164, 225, 'Marlena', 'Rosenhaus', 'Marlena@Rosenhaus.com', '772f0eb95822aae8f7f8d903b011aadd', '2022-01-14 23:27:17'),
(165, 211, 'Casi', 'McGragh', 'Casi@McGragh.com', 'b95d4c35e8639c4784d3f5090b07fb35', '2022-01-14 23:27:17'),
(166, 324, 'Brunhilda', 'Kmiec', 'Brunhilda@Kmiec.com', 'f8db885f97422926ac4bfb859fcb2101', '2022-01-14 23:27:17'),
(167, 143, 'Marylinda', 'Triggle', 'Marylinda@Triggle.com', '9deb42f259c3131e999d432265fa7a51', '2022-01-14 23:27:17'),
(168, 233, 'Shaw', 'Smaile', 'Shaw@Smaile.com', 'd037743a4280fdb30544b9fb9c43084c', '2022-01-14 23:27:17'),
(169, 321, 'Doralynne', 'Dunsford', 'Doralynne@Dunsford.com', 'e04f9d2acfaad75747233ea1123cfa84', '2022-01-14 23:27:17'),
(170, 314, 'Kaycee', 'Creeghan', 'Kaycee@Creeghan.com', 'e4331cdd36974756daa6587850123935', '2022-01-14 23:27:17'),
(171, 7, 'Delly', 'Dudek', 'Delly@Dudek.com', '348b729ba4192b16e6d1e4aecf6b7a5b', '2022-01-14 23:27:17'),
(172, 32, 'Curtis', 'Kerford', 'Curtis@Kerford.com', 'c2e223ab5e1aa51f4af43751025c6b6d', '2022-01-14 23:27:17'),
(173, 348, 'Lyndsay', 'Wrench', 'Lyndsay@Wrench.com', '5bf54148e50a527f26379f3a9db699f0', '2022-01-14 23:27:17'),
(174, 299, 'Donavon', 'Picford', 'Donavon@Picford.com', '1fb3187c5f3e1f2e53b7286696dc6806', '2022-01-14 23:27:17'),
(175, 241, 'Patton', 'Aleksankin', 'Patton@Aleksankin.com', '484087f281f0f2b6ee4cefdcaf063981', '2022-01-14 23:27:17'),
(176, 19, 'Dona', 'Charlet', 'Dona@Charlet.com', 'a418fa513fe680b6d4a64a55b1d63450', '2022-01-14 23:27:17'),
(177, 291, 'Lissa', 'Axelby', 'Lissa@Axelby.com', '66928ad156b98dea8a62677c72976d2d', '2022-01-14 23:27:17'),
(178, 166, 'Les', 'Sheen', 'Les@Sheen.com', 'a174cb6e7def868a7a2a2ad798bb6ff9', '2022-01-14 23:27:17'),
(179, 201, 'Toma', 'Ferrero', 'Toma@Ferrero.com', 'e88b05a98f112c4dab49dfbc53c88a29', '2022-01-14 23:27:17'),
(180, 271, 'Nate', 'Buckney', 'Nate@Buckney.com', '86130563403120a8f227ad8520543f32', '2022-01-14 23:27:17'),
(181, 351, 'Homer', 'Wigglesworth', 'Homer@Wigglesworth.com', '0f6405cf7dbc48c5182a40e1afb52287', '2022-01-14 23:27:17'),
(182, 358, 'Payton', 'Turnor', 'Payton@Turnor.com', '19abc31729b6b66211c7104b38e8141c', '2022-01-14 23:27:17'),
(183, 120, 'Abeu', 'Diemer', 'Abeu@Diemer.com', '2ef5c888fe7e5beacd774ab0056dda38', '2022-01-14 23:27:17'),
(184, 257, 'Kylie', 'Fain', 'Kylie@Fain.com', '72ebb1ca8da50cbd11166c4649c59553', '2022-01-14 23:27:17'),
(185, 79, 'Danice', 'Sherar', 'Danice@Sherar.com', '14f3f9bdc2f8afb01743b5fe9b23d17f', '2022-01-14 23:27:17'),
(186, 394, 'Marion', 'Gallemore', 'Marion@Gallemore.com', 'a3db69e4a0f315a3194171239cba6d07', '2022-01-14 23:27:17'),
(187, 164, 'Sander', 'Hugonnet', 'Sander@Hugonnet.com', '0a6130ed30bbc8ca9d246debef7ed619', '2022-01-14 23:27:17'),
(188, 395, 'Templeton', 'Karpenya', 'Templeton@Karpenya.com', 'e3dd3ea5bb485f7500a9c50fddad79a9', '2022-01-14 23:27:17'),
(189, 101, 'Zerk', 'Greengrass', 'Zerk@Greengrass.com', '0e06812c63152ee0f4d9102bd2f8a9e6', '2022-01-14 23:27:17'),
(190, 337, 'Monroe', 'Archley', 'Monroe@Archley.com', '897603676604fef45cc61a0cff379521', '2022-01-14 23:27:17'),
(191, 272, 'Bibby', 'Comazzo', 'Bibby@Comazzo.com', 'a6ac906fa05f3fd15bba7ccdd24a6165', '2022-01-14 23:27:17'),
(192, 277, 'Lauretta', 'Sondland', 'Lauretta@Sondland.com', '2cf3e06e8d09a2ee6bea4c0b0bd9734d', '2022-01-14 23:27:17'),
(193, 113, 'Broddie', 'Fridd', 'Broddie@Fridd.com', 'c05241867c8a536e8af6368a9b559121', '2022-01-14 23:27:17'),
(194, 391, 'Ian', 'Base', 'Ian@Base.com', '155e4e92af225c4dfc65dc485ca0be0c', '2022-01-14 23:27:17'),
(195, 316, 'Niki', 'Elward', 'Niki@Elward.com', '9ae04e00a51929b1a647dc8901620781', '2022-01-14 23:27:17'),
(196, 294, 'Terrye', 'Thurling', 'Terrye@Thurling.com', '068bf9b7326dfdf92f4711cd6a90f3ff', '2022-01-14 23:27:17'),
(197, 223, 'Humfried', 'Geharke', 'Humfried@Geharke.com', 'bde4a17e574515df24e9bfb975372492', '2022-01-14 23:27:17'),
(198, 403, 'Jessi', 'McFee', 'Jessi@McFee.com', '33e2cecdc79696446f808195d9f08f7b', '2022-01-14 23:27:17'),
(199, 217, 'Cosme', 'Abbets', 'Cosme@Abbets.com', 'd24e0a0559d0e14d4a4448aa2a8128df', '2022-01-14 23:27:17'),
(200, 134, 'Gipsy', 'Byrkmyr', 'Gipsy@Byrkmyr.com', '203f03b86118b08930141757a517d0a3', '2022-01-14 23:27:17'),
(201, 269, 'Nicolas', 'Harly', 'Nicolas@Harly.com', '47dfd9334c2aa42fdbd6e35c10ed452f', '2022-01-14 23:27:17'),
(202, 349, 'Ardisj', 'Rannie', 'Ardisj@Rannie.com', '059c81d0b3e48c33ca635d946a8d543b', '2022-01-14 23:27:17'),
(203, 194, 'Mag', 'Coling', 'Mag@Coling.com', '86075b0fed8c2aef3a4014f41517aa4c', '2022-01-14 23:27:17'),
(204, 61, 'Burnard', 'Freckleton', 'Burnard@Freckleton.com', '61cb3da2105aba4ba1fb4dd0bdee011f', '2022-01-14 23:27:17'),
(205, 88, 'Gayla', 'Lean', 'Gayla@Lean.com', '5682262de354b7f7e5c4bfcbca217b19', '2022-01-14 23:27:17'),
(206, 364, 'Terri', 'Hansford', 'Terri@Hansford.com', '1b4dc2442f28f989c6dc2c564e52242b', '2022-01-14 23:27:17'),
(207, 347, 'Ward', 'Wheildon', 'Ward@Wheildon.com', '3447da61f6776d88a7a18fb5a0b5cf04', '2022-01-14 23:27:17'),
(208, 221, 'Hasty', 'Alexandrou', 'Hasty@Alexandrou.com', '6c8343eb39f2be8660be49297bf7899b', '2022-01-14 23:27:17'),
(209, 305, 'Dre', 'Chipping', 'Dre@Chipping.com', '9684f354349a8c4e0e78ed640b7610a0', '2022-01-14 23:27:17'),
(210, 66, 'Hermione', 'Ornils', 'Hermione@Ornils.com', '62f08de204c17ea2071c23e6a08cf76c', '2022-01-14 23:27:17'),
(211, 143, 'Constantine', 'Bullocke', 'Constantine@Bullocke.com', 'a19ba368e253bae50a92c444785c7a03', '2022-01-14 23:27:17'),
(212, 291, 'Bard', 'Fever', 'Bard@Fever.com', '53575972f7090106cabaf4bfe58af350', '2022-01-14 23:27:17'),
(213, 322, 'Marisa', 'Oleszcuk', 'Marisa@Oleszcuk.com', 'f895a4be11f79c530d2922ff2cc88ec5', '2022-01-14 23:27:17'),
(214, 339, 'Andromache', 'Astlet', 'Andromache@Astlet.com', 'd992a1823ca5541d7b620b0e8c3a8caf', '2022-01-14 23:27:17'),
(215, 327, 'Collen', 'Rummery', 'Collen@Rummery.com', 'af2f4069e28c7295ade51da93a1ad90d', '2022-01-14 23:27:17'),
(216, 230, 'Sofie', 'Pre', 'Sofie@Pre.com', '08d789eda87828836c7c4ab89059e220', '2022-01-14 23:27:17'),
(217, 382, 'Brose', 'Aspel', 'Brose@Aspel.com', 'd0a2e94194f97f4207a9aece6dae449d', '2022-01-14 23:27:17'),
(218, 289, 'Melina', 'Mouget', 'Melina@Mouget.com', '4f7a7e10bf52f5ffc9d9ff05d1cd238e', '2022-01-14 23:27:17'),
(219, 67, 'Tabbie', 'Antonopoulos', 'Tabbie@Antonopoulos.com', '6e5c8f4b8e62b3c6bbb7b7c5fbe50299', '2022-01-14 23:27:17'),
(220, 171, 'Damita', 'Roderigo', 'Damita@Roderigo.com', '116fd1a7814a401ff10e0553408dce90', '2022-01-14 23:27:17'),
(221, 380, 'Issiah', 'Ferrick', 'Issiah@Ferrick.com', '150d31fc061747b48ae0bbfbc2529f3b', '2022-01-14 23:27:17'),
(222, 188, 'Risa', 'McGannon', 'Risa@McGannon.com', 'edd74318dfa7113be8666a274d15ca19', '2022-01-14 23:27:17'),
(223, 189, 'Egor', 'Cousen', 'Egor@Cousen.com', 'cdab647b405e80035a73c720ed5d5279', '2022-01-14 23:27:17'),
(224, 219, 'Hurlee', 'Bramstom', 'Hurlee@Bramstom.com', '96af5b52960c1711373bd6b18ebe5dfb', '2022-01-14 23:27:17'),
(225, 124, 'Alene', 'Boutcher', 'Alene@Boutcher.com', '915823413faf1c8f992c1a810b1f1350', '2022-01-14 23:27:17'),
(226, 208, 'Jameson', 'Bortolotti', 'Jameson@Bortolotti.com', '897385060ca87911803bebd5da8844c1', '2022-01-14 23:27:17'),
(227, 362, 'Tammie', 'McCrow', 'Tammie@McCrow.com', '7ff8a2e4dd7f7871f448c88a2a05e720', '2022-01-14 23:27:17'),
(228, 301, 'Morissa', 'Shingles', 'Morissa@Shingles.com', 'e225331150213f32873ade0c79bc17a0', '2022-01-14 23:27:17'),
(229, 323, 'Anna-maria', 'Rossiter', 'Anna-maria@Rossiter.com', 'd2e9e892a4cf196d4dbdcdfd7ff68b4f', '2022-01-14 23:27:17'),
(230, 85, 'Ludovico', 'Gillion', 'Ludovico@Gillion.com', '4f7887503460fcf2fc3f59a20cf56267', '2022-01-14 23:27:17'),
(231, 193, 'Darice', 'Kremer', 'Darice@Kremer.com', 'e356e57e01645f0e2566913a627ed72a', '2022-01-14 23:27:17'),
(232, 360, 'Yardley', 'Buckie', 'Yardley@Buckie.com', '4e7ff5c8927d7d225a51de4c316140cb', '2022-01-14 23:27:17'),
(233, 310, 'Otha', 'Beric', 'Otha@Beric.com', 'baacd4edd2f49740d0b4dc123882c2a8', '2022-01-14 23:27:17'),
(234, 56, 'Almeta', 'McErlaine', 'Almeta@McErlaine.com', 'd14975ded20869485211f02fdfe5d936', '2022-01-14 23:27:17'),
(235, 376, 'Mitzi', 'Dumper', 'Mitzi@Dumper.com', '8bbe22c8416a73d752b9925e9cd4d07d', '2022-01-14 23:27:17'),
(236, 151, 'Neils', 'Rosenau', 'Neils@Rosenau.com', 'd40e06de7b3741d1da7ca1903f35be82', '2022-01-14 23:27:17'),
(237, 123, 'Analiese', 'Obington', 'Analiese@Obington.com', 'a5f102ceb80094db0782e17583a0a9ea', '2022-01-14 23:27:17'),
(238, 365, 'Miltie', 'Scholtz', 'Miltie@Scholtz.com', 'c462be9a5c8aa462239d367600d8589a', '2022-01-14 23:27:17'),
(239, 378, 'Annamaria', 'Conti', 'Annamaria@Conti.com', '2ae5165c112848bed974f840fbb80609', '2022-01-14 23:27:17'),
(240, 199, 'Cloris', 'Curds', 'Cloris@Curds.com', 'ac3733a859414c308c5920e251a0adc3', '2022-01-14 23:27:17'),
(241, 356, 'Catherine', 'Iscowitz', 'Catherine@Iscowitz.com', 'f0377bda17d94116449238edc58719a0', '2022-01-14 23:27:17'),
(242, 1, 'Spenser', 'Aglione', 'Spenser@Aglione.com', '1e68b34fb1c2e2a5b0d4c7268da63cde', '2022-01-14 23:27:17'),
(243, 105, 'Maddie', 'Rossborough', 'Maddie@Rossborough.com', 'e204fe2f52bc7399b43d092384b51866', '2022-01-14 23:27:17'),
(244, 267, 'Bret', 'Baxstar', 'Bret@Baxstar.com', 'ecb04b482940ad110e3aeb8aa639e861', '2022-01-14 23:27:17'),
(245, 401, 'Albertina', 'Harrema', 'Albertina@Harrema.com', 'e6e51479cb721fd1ed0dd0e547d58396', '2022-01-14 23:27:17'),
(246, 49, 'Boothe', 'Winn', 'Boothe@Winn.com', '1d2b0c93d4ddb08f5adea9db700d1604', '2022-01-14 23:27:17'),
(247, 201, 'Rip', 'Yakobovitz', 'Rip@Yakobovitz.com', '3cfee6ab90d25a417485ceb08f03a257', '2022-01-14 23:27:17'),
(248, 239, 'Genevra', 'Chazette', 'Genevra@Chazette.com', '5d6158e4dc59136fe711e6ae99f5228d', '2022-01-14 23:27:17'),
(249, 7, 'Rosco', 'Eason', 'Rosco@Eason.com', '9334123e8fcd0400f194ffedd9300db3', '2022-01-14 23:27:17'),
(250, 403, 'Peria', 'Marusyak', 'Peria@Marusyak.com', '8d2465767ab91300ebbe0be89a2477de', '2022-01-14 23:27:17'),
(251, 219, 'Ernaline', 'Schirok', 'Ernaline@Schirok.com', '57d50fc5a1678a8c89df53b9fecbb297', '2022-01-14 23:27:17'),
(252, 411, 'Keane', 'Scotson', 'Keane@Scotson.com', '495fd116eb689c6d3971ebf550a64d7b', '2022-01-14 23:27:17'),
(253, 190, 'Otto', 'Andrzejewski', 'Otto@Andrzejewski.com', 'ad7edcc1b7baa50441dab08e23ea3e11', '2022-01-14 23:27:17'),
(254, 312, 'Rois', 'Joyce', 'Rois@Joyce.com', '9c707eca8b7bbc41566c94b238ef9c8a', '2022-01-14 23:27:17'),
(255, 170, 'Sabina', 'Lammenga', 'Sabina@Lammenga.com', '7c9c9ca863b6dbcefa0eb2f6fd2bdc3d', '2022-01-14 23:27:17'),
(256, 346, 'Maddie', 'Spriggen', 'Maddie@Spriggen.com', '00c8ecc2b80022154deb351060208eab', '2022-01-14 23:27:17'),
(257, 136, 'Jojo', 'Hourstan', 'Jojo@Hourstan.com', '781fd144cf8c7a995294a55cd0088609', '2022-01-14 23:27:17'),
(258, 54, 'Ailis', 'Alvin', 'Ailis@Alvin.com', '4479e12b509ed09afde625a363a66c05', '2022-01-14 23:27:17'),
(259, 241, 'Xenia', 'Tooher', 'Xenia@Tooher.com', 'be36394c8a6611e3032e2aaf1d6b58e0', '2022-01-14 23:27:17'),
(260, 310, 'Chester', 'Celez', 'Chester@Celez.com', '566959001582415ee38ba2a01df83a8b', '2022-01-14 23:27:17'),
(261, 237, 'Renell', 'Draycott', 'Renell@Draycott.com', 'cbed4f351c33951c9172290a3df4be99', '2022-01-14 23:27:17'),
(262, 127, 'Renata', 'Rivelin', 'Renata@Rivelin.com', 'f319e02433e40c7fe402c05c1f0b442e', '2022-01-14 23:27:17'),
(263, 203, 'Dalila', 'Maffey', 'Dalila@Maffey.com', '5c85c34344d57d01616ccf01b7ac52a0', '2022-01-14 23:27:17'),
(264, 276, 'Kathryne', 'Clowsley', 'Kathryne@Clowsley.com', '7c31667d2afc964ef98b9c2389753fc3', '2022-01-14 23:27:17'),
(265, 159, 'Marissa', 'Mushawe', 'Marissa@Mushawe.com', '4595cd1eeb2bbc4d5bcc67700b33a483', '2022-01-14 23:27:17'),
(266, 108, 'Morganica', 'Tournay', 'Morganica@Tournay.com', 'c9946af1abede2ab32193d5c4a5f77f8', '2022-01-14 23:27:17'),
(267, 4, 'Evelina', 'McNirlan', 'Evelina@McNirlan.com', '7242d3fe9bc5e00ac02a0a8ca3debc69', '2022-01-14 23:27:17'),
(268, 401, 'Erhard', 'Webbe', 'Erhard@Webbe.com', '2581ccff982a0d41c878410740e0cafc', '2022-01-14 23:27:17'),
(269, 326, 'Kessia', 'Vennart', 'Kessia@Vennart.com', '8e27f9ebc888db4fce63e183b079c64d', '2022-01-14 23:27:17'),
(270, 84, 'Christabella', 'McChesney', 'Christabella@McChesney.com', '19c7f163dae2d1e218a19283b09b5094', '2022-01-14 23:27:17'),
(271, 58, 'Reinhold', 'Inkster', 'Reinhold@Inkster.com', 'd43c3ae8d7109eb117f88d6ccd586d40', '2022-01-14 23:27:17'),
(272, 273, 'Ethelbert', 'Offell', 'Ethelbert@Offell.com', 'fe89da887db6d96eb83542b662b5d408', '2022-01-14 23:27:17'),
(273, 314, 'Bridie', 'Cohr', 'Bridie@Cohr.com', '75b123cb5006c4f4ead7539ef9deefde', '2022-01-14 23:27:17'),
(274, 245, 'Karleen', 'Garrigan', 'Karleen@Garrigan.com', 'b38e3646bebb0c7ad2a349c81ca8c93e', '2022-01-14 23:27:17'),
(275, 401, 'Raynell', 'Kubiczek', 'Raynell@Kubiczek.com', 'f892dc4b3c9361284484c12979a71a6e', '2022-01-14 23:27:17'),
(276, 96, 'Arron', 'Hedgeley', 'Arron@Hedgeley.com', 'c2b989a2a4e2c7504d1962099f4480be', '2022-01-14 23:27:17'),
(277, 311, 'Evaleen', 'Humbert', 'Evaleen@Humbert.com', '4fb817d50c7da1638b37a11dc1ffbf8d', '2022-01-14 23:27:17'),
(278, 110, 'Andromache', 'Vial', 'Andromache@Vial.com', '2978b41b06af4406f93009e0c0701849', '2022-01-14 23:27:17'),
(279, 64, 'Timmie', 'Whitemarsh', 'Timmie@Whitemarsh.com', '3570cb01ea0f706c532c92f52030fb2f', '2022-01-14 23:27:17'),
(280, 76, 'Vernice', 'Callcott', 'Vernice@Callcott.com', '4fefc0648ba6b2a218037fae1d0e6afb', '2022-01-14 23:27:17'),
(281, 312, 'Meredith', 'Camous', 'Meredith@Camous.com', '85e559521a64f5b6ae1cf29f133f7114', '2022-01-14 23:27:17'),
(282, 368, 'Gillian', 'Robilliard', 'Gillian@Robilliard.com', 'c9810322dd65104f4d56b89c043d9300', '2022-01-14 23:27:17'),
(283, 410, 'Timothy', 'Sillwood', 'Timothy@Sillwood.com', '8a11a08195d4ea9bd7781f0d1f42a031', '2022-01-14 23:27:17'),
(284, 50, 'Colas', 'Richard', 'Colas@Richard.com', '883a98166362b216e026b8a94b7a3a25', '2022-01-14 23:27:17'),
(285, 215, 'Leontine', 'Birdis', 'Leontine@Birdis.com', '8ed76073a920324a0045682ab93ad257', '2022-01-14 23:27:17'),
(286, 300, 'Starlene', 'McCafferky', 'Starlene@McCafferky.com', 'a1b4e347c15989a9fba484f3d369b38c', '2022-01-14 23:27:17'),
(287, 155, 'Hersch', 'Dregan', 'Hersch@Dregan.com', '8e71bde462d82072fbe249055899b6af', '2022-01-14 23:27:17'),
(288, 318, 'Meghan', 'Rylatt', 'Meghan@Rylatt.com', '60c0693b51f925bf12bf9e3bea8c044c', '2022-01-14 23:27:17'),
(289, 36, 'Shirlee', 'Dight', 'Shirlee@Dight.com', 'a12eb208dd2af1c812c82dff9d459a0b', '2022-01-14 23:27:17'),
(290, 245, 'Cristine', 'Thyng', 'Cristine@Thyng.com', '70d155d545a236c7dde448232cb05e9d', '2022-01-14 23:27:17'),
(291, 131, 'Jacquelin', 'Bimson', 'Jacquelin@Bimson.com', '77c4d75f0331b6e8a87d2d4e6fd189ae', '2022-01-14 23:27:17'),
(292, 380, 'Perceval', 'Lamden', 'Perceval@Lamden.com', '4fba1aa91a41359d3d52c8f6b92c90df', '2022-01-14 23:27:17'),
(293, 169, 'Edita', 'Kliche', 'Edita@Kliche.com', '78d0b3863a9b8207c9390d6b0fc51562', '2022-01-14 23:27:17'),
(294, 59, 'Heidie', 'Waterhouse', 'Heidie@Waterhouse.com', '3602d54979163f01d5949ce46aa15244', '2022-01-14 23:27:17'),
(295, 210, 'Cletus', 'Instock', 'Cletus@Instock.com', '45122d2ceb7dd264d2973db246302253', '2022-01-14 23:27:17'),
(296, 402, 'Marcus', 'Allchorne', 'Marcus@Allchorne.com', '9bbfca2a7e3947af486e1fb5709f1e78', '2022-01-14 23:27:17'),
(297, 410, 'Erhard', 'Vischi', 'Erhard@Vischi.com', '1d49fe267bf9edb943c51bafb35f682d', '2022-01-14 23:27:17'),
(298, 302, 'Karlee', 'Kanter', 'Karlee@Kanter.com', 'f9f7e50d7a9e8c94eee8885c91324833', '2022-01-14 23:27:17'),
(299, 333, 'Carson', 'Franklen', 'Carson@Franklen.com', '92e76d19986b5c0ed2bf217e0a835e26', '2022-01-14 23:27:17'),
(300, 26, 'Murdock', 'Kingham', 'Murdock@Kingham.com', '27442a88162195ad2157063c27640712', '2022-01-14 23:27:17'),
(301, 202, 'Alma', 'Carrett', 'Alma@Carrett.com', 'e03799695d5fe2c6a782dec351923ddf', '2022-01-14 23:27:17'),
(302, 27, 'Pennie', 'Winston', 'Pennie@Winston.com', '221e6586cb5deefc18168fd3a4d59e99', '2022-01-14 23:27:17'),
(303, 38, 'Alvy', 'Galilee', 'Alvy@Galilee.com', '8e9d5c76862083ac6a0c8a0be135db72', '2022-01-14 23:27:17'),
(304, 246, 'Carmine', 'Compston', 'Carmine@Compston.com', 'a7d2c63e2797f1ed62ced1d8e2e15ff1', '2022-01-14 23:27:17'),
(305, 399, 'Jo', 'Alesi', 'Jo@Alesi.com', '2de0f38dedd3365c38f6d2c225b9b8aa', '2022-01-14 23:27:17'),
(306, 91, 'Teri', 'Pendre', 'Teri@Pendre.com', '20b453126ac22182902c6aace93afc41', '2022-01-14 23:27:17'),
(307, 195, 'Kristyn', 'Critchlow', 'Kristyn@Critchlow.com', '7c2755ee7c474f83b40db8ff5809458a', '2022-01-14 23:27:17'),
(308, 242, 'Dewain', 'Goodhew', 'Dewain@Goodhew.com', '77c3280cf4416d462113b5b641dcf7be', '2022-01-14 23:27:18'),
(309, 89, 'Idaline', 'McWhin', 'Idaline@McWhin.com', 'ebeec07416b3a43bf272a6216aa5e238', '2022-01-14 23:27:18'),
(310, 137, 'Farris', 'Folkes', 'Farris@Folkes.com', 'e28fc59150c870acce3e6c369d116098', '2022-01-14 23:27:18'),
(311, 320, 'Sheila', 'Harbar', 'Sheila@Harbar.com', 'c7e15bb7b13017252ddfd67cf74c781f', '2022-01-14 23:27:18'),
(312, 43, 'Torry', 'Royl', 'Torry@Royl.com', '7cc0e2e9b5acf31eb13a51fef56d55c3', '2022-01-14 23:27:18'),
(313, 131, 'Cherlyn', 'Keuntje', 'Cherlyn@Keuntje.com', 'f40efaf861b24a3f965b78d04cb83f2e', '2022-01-14 23:27:18'),
(314, 314, 'Byram', 'Turk', 'Byram@Turk.com', '7f9565ab6bc662cece8633cd32ec4ae1', '2022-01-14 23:27:18'),
(315, 370, 'Lacee', 'Gillimgham', 'Lacee@Gillimgham.com', 'baceb9b889ced91fbe12bda9ad1399a1', '2022-01-14 23:27:18'),
(316, 184, 'Shannen', 'Vasyukov', 'Shannen@Vasyukov.com', '1a3dec8f8d10a964cca6f98fc71c4d93', '2022-01-14 23:27:18'),
(317, 394, 'Louisette', 'Lerer', 'Louisette@Lerer.com', '5e2203f928486129e426c51cbbe32d8c', '2022-01-14 23:27:18'),
(318, 345, 'Heather', 'Tolfrey', 'Heather@Tolfrey.com', '1c8825725ab9bdb3b0811194cc48b462', '2022-01-14 23:27:18'),
(319, 155, 'Dill', 'Pellett', 'Dill@Pellett.com', '0cf3950d2d057db90d92043499b406c1', '2022-01-14 23:27:18'),
(320, 313, 'Bertine', 'Morsley', 'Bertine@Morsley.com', '05eb200612a5b6cde0e4ef92e588c28b', '2022-01-14 23:27:18'),
(321, 371, 'Efren', 'Belvard', 'Efren@Belvard.com', '4f1b3ccfb7dce17b3df7a3251fc7caff', '2022-01-14 23:27:18'),
(322, 7, 'Thomasin', 'Charville', 'Thomasin@Charville.com', '518f4f75aa31a776c1ff0069a99f55a8', '2022-01-14 23:27:18'),
(323, 158, 'Oralia', 'Portt', 'Oralia@Portt.com', '8267c728f8f29bb30580f24717972902', '2022-01-14 23:27:18'),
(324, 342, 'Zandra', 'Veighey', 'Zandra@Veighey.com', 'adde792cc7bb5744df43c242519227d7', '2022-01-14 23:27:18'),
(325, 112, 'Lissa', 'Boote', 'Lissa@Boote.com', '514a96cf9524a2638118a48b813e0d32', '2022-01-14 23:27:18'),
(326, 362, 'Olly', 'Suffield', 'Olly@Suffield.com', 'b363071e4b3f3a9408c058135c40ce84', '2022-01-14 23:27:18'),
(327, 276, 'Maje', 'Coetzee', 'Maje@Coetzee.com', '213ad673cfe81a5307105965422683a6', '2022-01-14 23:27:18'),
(328, 203, 'Merola', 'Eltone', 'Merola@Eltone.com', 'f944d2c6a14ffdcfa60d61e6c98ac9ab', '2022-01-14 23:27:18'),
(329, 380, 'Helga', 'Aiskrigg', 'Helga@Aiskrigg.com', '26239e5d73adc83907ccd5fc0cf06c25', '2022-01-14 23:27:18'),
(330, 77, 'Meredeth', 'Filintsev', 'Meredeth@Filintsev.com', '07dccbf9d7cf0b78f45c0b789b2da6a8', '2022-01-14 23:27:18'),
(331, 408, 'Nada', 'Dougliss', 'Nada@Dougliss.com', '88c2ebdd9d5f3375217448536986ba51', '2022-01-14 23:27:18'),
(332, 132, 'Vinson', 'Duffil', 'Vinson@Duffil.com', '5b948d300471b3abe489e2ed54c9ec3b', '2022-01-14 23:27:18'),
(333, 301, 'Willow', 'FitzGilbert', 'Willow@FitzGilbert.com', '02ada1d30b903003df1084e21a827361', '2022-01-14 23:27:18'),
(334, 158, 'Kit', 'Nehlsen', 'Kit@Nehlsen.com', '71ccf66e27e807c4337c32c524da1f3c', '2022-01-14 23:27:18'),
(335, 244, 'Thomasa', 'Frankom', 'Thomasa@Frankom.com', 'c2df31bbe6fa0e878879dbcea22e9de8', '2022-01-14 23:27:18'),
(336, 237, 'Donnell', 'Boni', 'Donnell@Boni.com', '9d455bce2cad286915bd3ffde744c673', '2022-01-14 23:27:18'),
(337, 286, 'Kelsy', 'Ungerecht', 'Kelsy@Ungerecht.com', '7e0ddb9671f936d08d25dc3559b56f59', '2022-01-14 23:27:18'),
(338, 385, 'Jake', 'Okenden', 'Jake@Okenden.com', '6f081ab6b56d748bdc81580ebfb2fda0', '2022-01-14 23:27:18'),
(339, 15, 'Markus', 'Tydeman', 'Markus@Tydeman.com', '1b7a63fc98dc6c5504b6ac12bf3ef920', '2022-01-14 23:27:18'),
(340, 315, 'Mendel', 'Millhouse', 'Mendel@Millhouse.com', '087a52770fd6db0f9a9fd399382c1cc1', '2022-01-14 23:27:18'),
(341, 369, 'Pete', 'Money', 'Pete@Money.com', '81a858a50c398b4b5348dca5da4ed030', '2022-01-14 23:27:18'),
(342, 354, 'Lynett', 'Seamen', 'Lynett@Seamen.com', 'cf857635530e269e8ac07d56c69a9c1d', '2022-01-14 23:27:18'),
(343, 247, 'Dill', 'Julyan', 'Dill@Julyan.com', '7636616063729b3ba0c74efa00131d49', '2022-01-14 23:27:18'),
(344, 13, 'Ralf', 'Stuckey', 'Ralf@Stuckey.com', 'e198ec0ccc02c2ebba8fc07fb48bde34', '2022-01-14 23:27:18'),
(345, 293, 'Mattias', 'Ranyell', 'Mattias@Ranyell.com', '29229885f41964f2766aafc2cee0112b', '2022-01-14 23:27:18'),
(346, 383, 'Xerxes', 'Spare', 'Xerxes@Spare.com', '993145a07737e89277471914f4e4101d', '2022-01-14 23:27:18'),
(347, 398, 'Northrop', 'Brimilcombe', 'Northrop@Brimilcombe.com', 'f8154b6350a47320e4cf827025616c5e', '2022-01-14 23:27:18'),
(348, 262, 'Felix', 'Bilam', 'Felix@Bilam.com', '2755653df5692b772f49c9594d4c3d03', '2022-01-14 23:27:18'),
(349, 249, 'Martelle', 'Youens', 'Martelle@Youens.com', '8ee6d68a2278f98421adc4a960630976', '2022-01-14 23:27:18'),
(350, 3, 'Rudiger', 'Tinson', 'Rudiger@Tinson.com', 'ba33e44b908b01a12b41a235e2a146b6', '2022-01-14 23:27:18'),
(351, 123, 'Gail', 'Stearnes', 'Gail@Stearnes.com', 'de6771ae9266ceaad5e1a653dc5df0b4', '2022-01-14 23:27:18'),
(352, 177, 'Matias', 'Firebrace', 'Matias@Firebrace.com', '2de86c0dc16f7e257bfde856baf94a41', '2022-01-14 23:27:18'),
(353, 155, 'Conney', 'Blazhevich', 'Conney@Blazhevich.com', 'bf16e22ba394a96c5c81fe77af23c02a', '2022-01-14 23:27:18'),
(354, 271, 'Sheelah', 'Loxdale', 'Sheelah@Loxdale.com', 'cfe822f7dc1b6318c4073a217dc25088', '2022-01-14 23:27:18'),
(355, 370, 'Sofie', 'Thal', 'Sofie@Thal.com', 'c11d8293e542908798b2763a070fe3d8', '2022-01-14 23:27:18'),
(356, 74, 'Florida', 'Pedrozzi', 'Florida@Pedrozzi.com', '2b46e6626ee13a57e8c584a10238c7ca', '2022-01-14 23:27:18'),
(357, 224, 'Petrina', 'Camilleri', 'Petrina@Camilleri.com', '083b40d9c79fcf45ad70315d8bc741a5', '2022-01-14 23:27:18'),
(358, 206, 'Tyler', 'Hulland', 'Tyler@Hulland.com', '5c1638c5aff87493c141aa7247b0e73f', '2022-01-14 23:27:18'),
(359, 30, 'Therine', 'Micklem', 'Therine@Micklem.com', 'cef102fc52d71e619c0d04984fbfecf3', '2022-01-14 23:27:18'),
(360, 361, 'Hendrik', 'Gillcrist', 'Hendrik@Gillcrist.com', '56dad6b3fb3b3813f1519e43c690bd2c', '2022-01-14 23:27:18'),
(361, 117, 'Zared', 'Eldershaw', 'Zared@Eldershaw.com', 'c749815df1d0e57bdcd0c98bd8109395', '2022-01-14 23:27:18'),
(362, 337, 'Briggs', 'McNae', 'Briggs@McNae.com', '77a8e1bc850cfa710999730f12581e21', '2022-01-14 23:27:18'),
(363, 136, 'Claudie', 'Gauld', 'Claudie@Gauld.com', '724c459dc06a35e256d15fb5c9dc1328', '2022-01-14 23:27:18'),
(364, 336, 'Julee', 'Whithorn', 'Julee@Whithorn.com', '065aa329c48298ea8142a0218d30ef7e', '2022-01-14 23:27:18'),
(365, 40, 'Vinnie', 'Shipway', 'Vinnie@Shipway.com', '3320feae5c4cdf2db51f676d35c4c01c', '2022-01-14 23:27:18'),
(366, 86, 'Giuditta', 'Crockley', 'Giuditta@Crockley.com', '47df8e023748a332b130fad20d6a147d', '2022-01-14 23:27:18'),
(367, 96, 'Lauritz', 'Cleminson', 'Lauritz@Cleminson.com', 'bac63a12de465803e2d10c2a874fe181', '2022-01-14 23:27:18'),
(368, 384, 'Silvana', 'Neilson', 'Silvana@Neilson.com', '7430e836611b7564bd416c4acc1c3cc7', '2022-01-14 23:27:18'),
(369, 236, 'Graehme', 'Learned', 'Graehme@Learned.com', '8bd1efe4041432cf8959721e963013e3', '2022-01-14 23:27:18'),
(370, 153, 'Appolonia', 'O\'Feeny', 'Appolonia@O\'Feeny.com', '22f7d3faecceca70ad1f8adafc377e48', '2022-01-14 23:27:18'),
(371, 264, 'Bogey', 'Bunch', 'Bogey@Bunch.com', '8266dbc6a69eb62c53e8c4d56bd14a2a', '2022-01-14 23:27:18'),
(372, 4, 'Hedda', 'Halt', 'Hedda@Halt.com', '8a50c95a7225c37725c5d1e18e28f47a', '2022-01-14 23:27:18'),
(373, 276, 'Leroy', 'Jacks', 'Leroy@Jacks.com', '6a6066d8f6edb5febf122c12387274ad', '2022-01-14 23:27:18'),
(374, 255, 'Rossy', 'Stanfield', 'Rossy@Stanfield.com', '9958a9f6a8d8cc29d6433f664b548b04', '2022-01-14 23:27:18'),
(375, 27, 'Gwenneth', 'O\'Hollegan', 'Gwenneth@O\'Hollegan.com', 'b740645f62a442c92157a2ad14f38fa9', '2022-01-14 23:27:18'),
(376, 222, 'Aila', 'Jeffries', 'Aila@Jeffries.com', '2ea39593e2dacade35b231a62272b2c7', '2022-01-14 23:27:18'),
(377, 38, 'Miguelita', 'Johnstone', 'Miguelita@Johnstone.com', '3a92273b4eb4da8cc1eea52090ab5da6', '2022-01-14 23:27:18'),
(378, 410, 'Kirbee', 'Elcott', 'Kirbee@Elcott.com', '0f9059d7be183b13ce427320215d830b', '2022-01-14 23:27:18'),
(379, 222, 'Miltie', 'MacCoveney', 'Miltie@MacCoveney.com', 'ad8b41027226b0a0aecde3aa1919f1ad', '2022-01-14 23:27:18'),
(380, 29, 'Karissa', 'Harmstone', 'Karissa@Harmstone.com', 'f42774f7d3b2a6b04a545ba42cbe5461', '2022-01-14 23:27:18'),
(381, 124, 'Gib', 'Kirkby', 'Gib@Kirkby.com', '8b84808e6562195140f333d095dceb31', '2022-01-14 23:27:18'),
(382, 231, 'Shanan', 'Venart', 'Shanan@Venart.com', '0e2451b717e3071b9e11fc0483c2c6c8', '2022-01-14 23:27:18'),
(383, 307, 'Katharine', 'Greig', 'Katharine@Greig.com', '8092188b2390a1389b3befaafd58eccf', '2022-01-14 23:27:18'),
(384, 252, 'Ike', 'Smythin', 'Ike@Smythin.com', '19843dedc170881463e81fd6b67f214d', '2022-01-14 23:27:18'),
(385, 168, 'Greg', 'Dawidowsky', 'Greg@Dawidowsky.com', '09a89e1894d664d604d0bef99cac092e', '2022-01-14 23:27:18'),
(386, 302, 'Ralph', 'Wetherburn', 'Ralph@Wetherburn.com', '9fbca723f3dd95b3244e5950e61127d0', '2022-01-14 23:27:18'),
(387, 74, 'Martyn', 'Hazael', 'Martyn@Hazael.com', '5c240a81bfdabac0d8565b01f4ae9ee5', '2022-01-14 23:27:18'),
(388, 176, 'Dosi', 'Mowday', 'Dosi@Mowday.com', '00fd61b9455e84d09cedce61658c48ad', '2022-01-14 23:27:18'),
(389, 160, 'Ramon', 'Matovic', 'Ramon@Matovic.com', 'f0183bea7a78f05b6942e61af3938b18', '2022-01-14 23:27:18'),
(390, 360, 'Fidel', 'Kenford', 'Fidel@Kenford.com', 'ac77cf918f567c8d20c6b6774f9a8093', '2022-01-14 23:27:18'),
(391, 389, 'Luca', 'Broun', 'Luca@Broun.com', '300bf9393d5ed8134f64e46c79e20e09', '2022-01-14 23:27:18'),
(392, 270, 'Dav', 'Penwright', 'Dav@Penwright.com', 'a067b19254550a319880a3718ffb21b4', '2022-01-14 23:27:18'),
(393, 164, 'Kile', 'Fulle', 'Kile@Fulle.com', '695c67695fffc93c1ff8ff48362ce2b6', '2022-01-14 23:27:18'),
(394, 403, 'Agnese', 'Delacour', 'Agnese@Delacour.com', 'dd22842b71ed7f5bdd64d8e0fc30b440', '2022-01-14 23:27:18'),
(395, 180, 'Bing', 'Burt', 'Bing@Burt.com', 'f5e47f3fb6c1a198832980ee71d864a4', '2022-01-14 23:27:18'),
(396, 73, 'Meriel', 'Bracknell', 'Meriel@Bracknell.com', '638cd95990ec82ab7b213a918c94cc6a', '2022-01-14 23:27:18'),
(397, 380, 'Inge', 'Polglase', 'Inge@Polglase.com', 'b9e8b286de630865c2c1f60ba1d7ede8', '2022-01-14 23:27:18'),
(398, 99, 'Stephana', 'Neilan', 'Stephana@Neilan.com', '54e6582203dee924bfc27acd5ebd0cb4', '2022-01-14 23:27:18'),
(399, 392, 'Herbert', 'Fewtrell', 'Herbert@Fewtrell.com', 'fa41f88b69c7a40878ae3c0f7076d22c', '2022-01-14 23:27:18'),
(400, 213, 'Bentlee', 'Luard', 'Bentlee@Luard.com', 'f9a2a46961ed1106604f2f1f1cdf6f2a', '2022-01-14 23:27:18'),
(401, 355, 'Berti', 'Tussaine', 'Berti@Tussaine.com', '4f36db74d96d171b117f8add95c33a26', '2022-01-14 23:27:18'),
(402, 79, 'Gustavo', 'Walasik', 'Gustavo@Walasik.com', 'd17fb13a3f1b79648418d0a11d033e86', '2022-01-14 23:27:18'),
(403, 370, 'Wildon', 'Kopec', 'Wildon@Kopec.com', '5798fe90ee4750e9f65f7b4c1b5fb8ff', '2022-01-14 23:27:18'),
(404, 209, 'Nicholas', 'MacCauley', 'Nicholas@MacCauley.com', 'c26207c895109f446c0b8bd90b361e76', '2022-01-14 23:27:18'),
(405, 203, 'Lyle', 'MacInherney', 'Lyle@MacInherney.com', 'f1d8753859533be2730ace5a4dcc673d', '2022-01-14 23:27:18'),
(406, 379, 'Gwen', 'Affuso', 'Gwen@Affuso.com', '77f7f0f95e98122bc835a2d6c5eb7466', '2022-01-14 23:27:18'),
(407, 307, 'Pia', 'Blackhall', 'Pia@Blackhall.com', 'ab7f831b3199f75ec551b1a9948ace76', '2022-01-14 23:27:18'),
(408, 260, 'Winni', 'Christauffour', 'Winni@Christauffour.com', 'ceae843aff469327ad170cdeeb8efaeb', '2022-01-14 23:27:18'),
(409, 200, 'Dorette', 'Corry', 'Dorette@Corry.com', '2d40628a08c90ac1c04a079c0ea25e10', '2022-01-14 23:27:18'),
(410, 314, 'Shaughn', 'Royden', 'Shaughn@Royden.com', '03967c7d41c67b8666084d17c36ec191', '2022-01-14 23:27:18'),
(411, 253, 'Karleen', 'Ondrousek', 'Karleen@Ondrousek.com', '343c5592654c4628d375d0a05126a9ac', '2022-01-14 23:27:18'),
(412, 380, 'Ellswerth', 'Rickersey', 'Ellswerth@Rickersey.com', '2f05dfc39b1b274b1beb5367f83c37c0', '2022-01-14 23:27:18'),
(413, 197, 'Celinka', 'Colquit', 'Celinka@Colquit.com', '345860347b5bbc2e1e4e86cca360c75f', '2022-01-14 23:27:18'),
(414, 173, 'Malchy', 'Manuaud', 'Malchy@Manuaud.com', 'aff2836e60b9f78fc90b95686e68ccd1', '2022-01-14 23:27:18'),
(415, 306, 'Susi', 'Venediktov', 'Susi@Venediktov.com', '33be422eb5ab16a051d8be6b81211692', '2022-01-14 23:27:18'),
(416, 174, 'Dennet', 'Worham', 'Dennet@Worham.com', '9b71ac59becb62d4bf23047904316404', '2022-01-14 23:27:18'),
(417, 367, 'Gilemette', 'Billingsly', 'Gilemette@Billingsly.com', 'bf5d8ca7a69f7b660f3d5ff05404f518', '2022-01-14 23:27:18'),
(418, 167, 'Julienne', 'Lappine', 'Julienne@Lappine.com', '712fdb851abf5cf3af6f288571fc096b', '2022-01-14 23:27:18'),
(419, 193, 'Ram', 'Grogono', 'Ram@Grogono.com', '957137108a64c95a32c966020dbf26a0', '2022-01-14 23:27:18'),
(420, 405, 'Duffie', 'Hinchcliffe', 'Duffie@Hinchcliffe.com', 'eac269fa4852a8a93f7268ac6357eaa3', '2022-01-14 23:27:18'),
(421, 331, 'Zed', 'Koeppke', 'Zed@Koeppke.com', '54d2981865b3bd4631aaeb08451fb2ba', '2022-01-14 23:27:18'),
(422, 170, 'Robyn', 'Tomkins', 'Robyn@Tomkins.com', 'dd5e8a30bf137a7e9b8c2a91e5232378', '2022-01-14 23:27:18'),
(423, 381, 'Lin', 'Asche', 'Lin@Asche.com', 'fe951c2b8c51fb07f4e921a1aea42164', '2022-01-14 23:27:18'),
(424, 131, 'Maddi', 'Trobe', 'Maddi@Trobe.com', '9bd984d362bd4de3facbbe0ca974d447', '2022-01-14 23:27:18'),
(425, 253, 'Marybelle', 'Rillett', 'Marybelle@Rillett.com', 'da3e6b75b1bc3cd32e3063a88d391112', '2022-01-14 23:27:18'),
(426, 354, 'Pacorro', 'Phillps', 'Pacorro@Phillps.com', 'ca638c8c84d81b06c02e52f4880a3c5e', '2022-01-14 23:27:18'),
(427, 255, 'Caralie', 'Jedryka', 'Caralie@Jedryka.com', '9d10bc2996579fa7048b43275f244692', '2022-01-14 23:27:18'),
(428, 176, 'Marleen', 'Dinse', 'Marleen@Dinse.com', '8663b0327ee91fbc5632d3c6e64f5875', '2022-01-14 23:27:18'),
(429, 175, 'Kenneth', 'Lowman', 'Kenneth@Lowman.com', 'e4c14aec848fa2a010ccf78cd80ddec6', '2022-01-14 23:27:18'),
(430, 119, 'Hyacinthie', 'Worts', 'Hyacinthie@Worts.com', 'b4001b3503690c1ce4deb49a3474e850', '2022-01-14 23:27:18'),
(431, 305, 'Mei', 'Torrese', 'Mei@Torrese.com', '021d0976d11b46d38f4dbf4ab7861205', '2022-01-14 23:27:18'),
(432, 272, 'Ashlie', 'Postins', 'Ashlie@Postins.com', '2fb1dae26b0732ab4fdaaa67af44d9c7', '2022-01-14 23:27:18'),
(433, 20, 'Maisie', 'Rosettini', 'Maisie@Rosettini.com', 'f15ef6c31f86e5bd581ad381f4da0cc2', '2022-01-14 23:27:18'),
(434, 353, 'Fields', 'Greenrodd', 'Fields@Greenrodd.com', '7df90e926a72588cd456fda8bdddc40f', '2022-01-14 23:27:18'),
(435, 13, 'Christie', 'Donkersley', 'Christie@Donkersley.com', 'b91002fda624168bcdac6acbf1b4bcbb', '2022-01-14 23:27:18'),
(436, 282, 'Colleen', 'Seamans', 'Colleen@Seamans.com', 'dc102322a87b64209339a694a8347ef7', '2022-01-14 23:27:18'),
(437, 378, 'Berke', 'Farrington', 'Berke@Farrington.com', '4c3377ae36a0d9fcd8babd04895de7bd', '2022-01-14 23:27:18'),
(438, 59, 'Cristin', 'Garrioch', 'Cristin@Garrioch.com', '7e8affafb5d2b47f44c20eb1205b44d8', '2022-01-14 23:27:18'),
(439, 325, 'Khalil', 'Dubbin', 'Khalil@Dubbin.com', 'fa91027b2ff4099d7ab04b88fc9ecdcf', '2022-01-14 23:27:18'),
(440, 299, 'Juliana', 'Piwell', 'Juliana@Piwell.com', 'd0faa9812170c74bbee96c055df465b0', '2022-01-14 23:27:18'),
(441, 75, 'Candis', 'Hanselman', 'Candis@Hanselman.com', 'a2ef1cad8dbf1a862e394ae2481854db', '2022-01-14 23:27:18'),
(442, 88, 'Dan', 'Gile', 'Dan@Gile.com', 'c6190ae950a432196ab7f2a7e64d6921', '2022-01-14 23:27:18'),
(443, 194, 'Bethany', 'Burbage', 'Bethany@Burbage.com', '5b71547e6a01981c9a6d43e1d811a2aa', '2022-01-14 23:27:18'),
(444, 87, 'Vivian', 'Gotthard.sf', 'Vivian@Gotthard.sf.com', '1e0d47cb2703a0d787a265ae444d8a31', '2022-01-14 23:27:18'),
(445, 246, 'Adeline', 'Loffill', 'Adeline@Loffill.com', 'cd5c3d907009d2ea414ecd06f380004f', '2022-01-14 23:27:18'),
(446, 346, 'Sheela', 'Tesoe', 'Sheela@Tesoe.com', '41291e6c0e5849e49732d589feea465b', '2022-01-14 23:27:18'),
(447, 354, 'Storm', 'Woodburn', 'Storm@Woodburn.com', '7eec7ca1616afbbb873a2291db406efe', '2022-01-14 23:27:18'),
(448, 345, 'Veronike', 'Jirieck', 'Veronike@Jirieck.com', '248741d08f928da51b67f076dcee6d3e', '2022-01-14 23:27:18'),
(449, 366, 'Nicolas', 'Davenell', 'Nicolas@Davenell.com', '3c5ccea34b1648f0524c0ace38383274', '2022-01-14 23:27:18'),
(450, 94, 'Carmela', 'Nelthorpe', 'Carmela@Nelthorpe.com', 'ce64328e255021862ce1bbf49ea65183', '2022-01-14 23:27:18');
INSERT INTO `company_user` (`company_user_id`, `company_id`, `first_name`, `last_name`, `email`, `password`, `last_time_login`) VALUES
(451, 104, 'Marthe', 'Crone', 'Marthe@Crone.com', '7cdf3c5826abbe4d4478d163300d2b90', '2022-01-14 23:27:18'),
(452, 264, 'Barn', 'Ganiford', 'Barn@Ganiford.com', 'aedc863db3a21fb678c118f46eea3718', '2022-01-14 23:27:18'),
(453, 262, 'Giles', 'Clew', 'Giles@Clew.com', 'be94db515daf5f3c68adb475c13f6e5e', '2022-01-14 23:27:18'),
(454, 357, 'Elyse', 'Duthy', 'Elyse@Duthy.com', '12a21d4d07d023e914a83cc9ca6a32bf', '2022-01-14 23:27:18'),
(455, 390, 'Barnebas', 'Gillbey', 'Barnebas@Gillbey.com', 'b2ccf47153289001b852a51febcf5a7f', '2022-01-14 23:27:18'),
(456, 199, 'Osbourne', 'Euesden', 'Osbourne@Euesden.com', '0ca43c4c20792f6375e02481b8d630f9', '2022-01-14 23:27:18'),
(457, 12, 'Rik', 'Martina', 'Rik@Martina.com', '77dade94d144283636f704fb2f51fd18', '2022-01-14 23:27:18'),
(458, 67, 'Florri', 'Palke', 'Florri@Palke.com', 'bfd587ab68c2e15bbb8c98a8fca14337', '2022-01-14 23:27:18'),
(459, 312, 'Niko', 'Sherwell', 'Niko@Sherwell.com', '1299b75bd84c68edc9f627ceef85ff28', '2022-01-14 23:27:18'),
(460, 118, 'Ambrosius', 'Bordessa', 'Ambrosius@Bordessa.com', '81a96d6ab93bda1b1b106989fcd23164', '2022-01-14 23:27:18'),
(461, 404, 'Louie', 'Jennens', 'Louie@Jennens.com', '188ce5b7e2f4be1300e269fef762dad1', '2022-01-14 23:27:18'),
(462, 377, 'Welch', 'Eykel', 'Welch@Eykel.com', '8a828309aaa3ad57248a8761a67a0f8d', '2022-01-14 23:27:18'),
(463, 408, 'Skipper', 'Gepson', 'Skipper@Gepson.com', 'f2ecf948501da03918313e6d165ff512', '2022-01-14 23:27:18'),
(464, 116, 'Terencio', 'Louth', 'Terencio@Louth.com', '427732cbdee3cc84d28fcd77bd9d40fd', '2022-01-14 23:27:18'),
(465, 166, 'Jonis', 'Lempenny', 'Jonis@Lempenny.com', '8f928e231f329b5535f6bba94d060b8f', '2022-01-14 23:27:18'),
(466, 290, 'Fleurette', 'Twydell', 'Fleurette@Twydell.com', 'b86fa3a65393a1819584c3c1b3f26e82', '2022-01-14 23:27:18'),
(467, 347, 'Bell', 'Filinkov', 'Bell@Filinkov.com', '979eee81dc7fd3677b73b10f355bce0c', '2022-01-14 23:27:18'),
(468, 403, 'Darlene', 'Groucock', 'Darlene@Groucock.com', '498b1c443c5924659ecbd1f4934fb55f', '2022-01-14 23:27:18'),
(469, 7, 'Twila', 'Ferschke', 'Twila@Ferschke.com', '8cd6290903034208f9d26f06da742de1', '2022-01-14 23:27:18'),
(470, 67, 'Bernadette', 'Lello', 'Bernadette@Lello.com', '81457cd810e8ba6c4acf1080038651b9', '2022-01-14 23:27:18'),
(471, 107, 'Vannie', 'Pretsell', 'Vannie@Pretsell.com', '3d77fde584c5ab94a92117585c0e1f09', '2022-01-14 23:27:18'),
(472, 33, 'Shurlocke', 'Astlett', 'Shurlocke@Astlett.com', '1b49a3e67abc30d56512c2b4775c33ab', '2022-01-14 23:27:18'),
(473, 294, 'Nicky', 'Iacomelli', 'Nicky@Iacomelli.com', 'c6a07d93587211183aafc5c9c5d4e0a2', '2022-01-14 23:27:18'),
(474, 204, 'Joly', 'Semmence', 'Joly@Semmence.com', '5eb7df9da71663ab2249d19884178ae2', '2022-01-14 23:27:18'),
(475, 336, 'Web', 'Feldheim', 'Web@Feldheim.com', '64096a0f23dc8d4e1da563631b7cb312', '2022-01-14 23:27:18'),
(476, 377, 'Obadiah', 'MacTavish', 'Obadiah@MacTavish.com', '9f3cb3eec19634f8de0b56b04fa65218', '2022-01-14 23:27:18'),
(477, 221, 'Flore', 'Rogeon', 'Flore@Rogeon.com', 'ed1288c8f690260d50ab012a59d7c0bb', '2022-01-14 23:27:18'),
(478, 247, 'Alair', 'Zuanelli', 'Alair@Zuanelli.com', '088ff130467e7a0b79a27a5646035959', '2022-01-14 23:27:18'),
(479, 79, 'Corliss', 'Barks', 'Corliss@Barks.com', 'b6cd56de1889154dc3c3caf4934320fc', '2022-01-14 23:27:18'),
(480, 64, 'Gerardo', 'Pardoe', 'Gerardo@Pardoe.com', '6bef5f80651db203e4f76631755956c0', '2022-01-14 23:27:18'),
(481, 260, 'Burtie', 'Sucre', 'Burtie@Sucre.com', '719d3d3d1eb1356c8891ccd0e75f24f7', '2022-01-14 23:27:18'),
(482, 386, 'Evvie', 'Dreamer', 'Evvie@Dreamer.com', 'a48c3ff6a9c747b2d8297b44694b1bce', '2022-01-14 23:27:18'),
(483, 32, 'Mireille', 'Ruperti', 'Mireille@Ruperti.com', 'c9c1ffd65a5f88424e8fbadb1448119c', '2022-01-14 23:27:18'),
(484, 77, 'Job', 'Luis', 'Job@Luis.com', '8d762de4133a2d2ade2ca6149a1cabd3', '2022-01-14 23:27:18'),
(485, 69, 'Debby', 'Beavers', 'Debby@Beavers.com', 'c3e310acfaa06d9d2f0fcf17219f9e23', '2022-01-14 23:27:18'),
(486, 209, 'Evelyn', 'Beake', 'Evelyn@Beake.com', 'c12f5a84699f9ae0f366a5188e84c977', '2022-01-14 23:27:18'),
(487, 242, 'Kathi', 'Label', 'Kathi@Label.com', '7033ed88eefa0225a163b2b507ff01a9', '2022-01-14 23:27:18'),
(488, 347, 'Constantin', 'Dudney', 'Constantin@Dudney.com', '86db6a60cca818c5214a5b0a42064a16', '2022-01-14 23:27:18'),
(489, 265, 'Bidget', 'Hinckesman', 'Bidget@Hinckesman.com', '98b7c2e79542650bfd16e2410538c8d5', '2022-01-14 23:27:18'),
(490, 8, 'Franklin', 'Jacobsz', 'Franklin@Jacobsz.com', '4b7083e44aac6d84e5be5be492677882', '2022-01-14 23:27:18'),
(491, 121, 'Tadd', 'Taylour', 'Tadd@Taylour.com', '312f932bfe09ded859d1cfeb5fd0cb01', '2022-01-14 23:27:18'),
(492, 132, 'Theressa', 'Peake', 'Theressa@Peake.com', 'c1574628e6fee166b476067cb608f601', '2022-01-14 23:27:18'),
(493, 104, 'Dougie', 'Goggins', 'Dougie@Goggins.com', '72720c34b4f18798376640db01bef259', '2022-01-14 23:27:18'),
(494, 16, 'Farand', 'Baford', 'Farand@Baford.com', '0ab14a14b826612ef5f3058bcac25b50', '2022-01-14 23:27:18'),
(495, 237, 'Eldridge', 'Manzell', 'Eldridge@Manzell.com', '03f19b36a6377a6bbcaf2ea44816bb50', '2022-01-14 23:27:18'),
(496, 200, 'Ericha', 'Nolin', 'Ericha@Nolin.com', 'c1a5d5d7bd9287b5154f9909e84d77cc', '2022-01-14 23:27:18'),
(497, 211, 'Patric', 'Frane', 'Patric@Frane.com', '151896a0173ff8268bba5bcddeb247fc', '2022-01-14 23:27:18'),
(498, 171, 'Mordy', 'Sutehall', 'Mordy@Sutehall.com', '9f70fb5671a89267311bd6570a292f98', '2022-01-14 23:27:18'),
(499, 90, 'Sela', 'Russilll', 'Sela@Russilll.com', '500e7348be2c9e3a0f1577fe119075ca', '2022-01-14 23:27:18'),
(500, 242, 'Michael', 'Caldecutt', 'Michael@Caldecutt.com', 'e60d3f712b81d19c0dc06078b336de89', '2022-01-14 23:27:18'),
(501, 117, 'Waverley', 'Steckings', 'Waverley@Steckings.com', '9e504876d590c1ad571b2387720d06a8', '2022-01-14 23:27:18'),
(502, 179, 'Antonius', 'Brideau', 'Antonius@Brideau.com', '65d72d199f3f541f49e2562681d0bc03', '2022-01-14 23:27:18'),
(503, 216, 'Yancey', 'Wybron', 'Yancey@Wybron.com', 'dee80d21fb0e33e3dcd0102bb520bd6b', '2022-01-14 23:27:18'),
(504, 224, 'Weylin', 'Walewski', 'Weylin@Walewski.com', 'c3fcf79040f11f009634e1be24bc1404', '2022-01-14 23:27:18'),
(505, 90, 'Antonina', 'Anney', 'Antonina@Anney.com', '2ea48b489dc427bad34d5994feeaa5b7', '2022-01-14 23:27:18'),
(506, 33, 'Virginia', 'Pughsley', 'Virginia@Pughsley.com', '1988242f45df684e6251d787b0ab9af0', '2022-01-14 23:27:18'),
(507, 30, 'Ban', 'Files', 'Ban@Files.com', 'b826453d0f1b8ea4de5212b66cd92e14', '2022-01-14 23:27:18'),
(508, 373, 'Patti', 'Schukraft', 'Patti@Schukraft.com', 'ec79f689edcbdfa20a874c736637ed31', '2022-01-14 23:27:18'),
(509, 201, 'Caldwell', 'Hebbes', 'Caldwell@Hebbes.com', '3d49f1be05cdebf2b21920d26e3b8da4', '2022-01-14 23:27:18'),
(510, 230, 'Mada', 'Attwater', 'Mada@Attwater.com', '581f127c9cc9ef725a0f4cd4c650743f', '2022-01-14 23:27:18'),
(511, 307, 'Tricia', 'Dewberry', 'Tricia@Dewberry.com', '3717c5fdb819cd35bf38d5e17ac90a0c', '2022-01-14 23:27:18'),
(512, 335, 'Lanita', 'Dinjes', 'Lanita@Dinjes.com', '977e74c2bd7ae5f1e9b0c8046af053a6', '2022-01-14 23:27:18'),
(513, 368, 'Arda', 'Rissen', 'Arda@Rissen.com', '725e71ae799be686fc450b7d04d8f3e0', '2022-01-14 23:27:18'),
(514, 222, 'Dill', 'Debrett', 'Dill@Debrett.com', '249b2fe0388b6c341b8b55df501b7b47', '2022-01-14 23:27:18'),
(515, 217, 'Sibeal', 'Goad', 'Sibeal@Goad.com', '963838e18c688aa057e2261d6c67d6ba', '2022-01-14 23:27:18'),
(516, 219, 'Laurens', 'Mateu', 'Laurens@Mateu.com', '90bb19e7e900852b5543fd0966a4e7f6', '2022-01-14 23:27:18'),
(517, 330, 'Shanie', 'Alcido', 'Shanie@Alcido.com', '1cdd8e16f622e830bfec533689640538', '2022-01-14 23:27:18'),
(518, 296, 'Leanor', 'Schafer', 'Leanor@Schafer.com', '531ed895e3aa41a325a0d881e60c5622', '2022-01-14 23:27:18'),
(519, 223, 'Christabel', 'Lock', 'Christabel@Lock.com', 'ed8d7c81ef31205ce7829a77838a6705', '2022-01-14 23:27:18'),
(520, 147, 'Coralyn', 'Shevell', 'Coralyn@Shevell.com', 'deb0887928b874cabf61e90f511c229b', '2022-01-14 23:27:18'),
(521, 371, 'Caryl', 'Rime', 'Caryl@Rime.com', 'c7a197fa739152c3e9eb69b89417a8ab', '2022-01-14 23:27:18'),
(522, 344, 'Robin', 'Schlag', 'Robin@Schlag.com', '5b662242943e23c09fc0438cb079d18c', '2022-01-14 23:27:18'),
(523, 79, 'Cheston', 'Dowthwaite', 'Cheston@Dowthwaite.com', '6d14fd9c138fdf7a6bc34fbdf2f1655d', '2022-01-14 23:27:18'),
(524, 85, 'Kass', 'Galton', 'Kass@Galton.com', '467e698190a352834a6bf2d68b7bca35', '2022-01-14 23:27:18'),
(525, 350, 'Marchelle', 'Slayton', 'Marchelle@Slayton.com', 'd760544fc148de273573c116fb179bd6', '2022-01-14 23:27:18'),
(526, 95, 'Reggis', 'Volkers', 'Reggis@Volkers.com', '16de1c93f25d6e0be0b4c9e962854bed', '2022-01-14 23:27:18'),
(527, 279, 'Nap', 'Izkovicz', 'Nap@Izkovicz.com', 'e4df65546a61dea3149687ddecb80968', '2022-01-14 23:27:18'),
(528, 225, 'Ardra', 'Paulino', 'Ardra@Paulino.com', 'bd06257efe7031a82723a17b3e3dd278', '2022-01-14 23:27:18'),
(529, 91, 'Velvet', 'Craigg', 'Velvet@Craigg.com', '46a5c229decacb7847b694c158489e0f', '2022-01-14 23:27:18'),
(530, 100, 'Moselle', 'Godfery', 'Moselle@Godfery.com', '5aa3ba368d7f441ce73b1a188c438c89', '2022-01-14 23:27:18'),
(531, 214, 'Mathe', 'Biernat', 'Mathe@Biernat.com', '5ae0ca983ca548c789e70dfaa3a90a7e', '2022-01-14 23:27:18'),
(532, 252, 'Emmye', 'Coils', 'Emmye@Coils.com', 'f8c15aee8e115f27bfb68eeb99f8669c', '2022-01-14 23:27:18'),
(533, 47, 'Lynnell', 'Dorwood', 'Lynnell@Dorwood.com', '398abf0b6e8c116d2a6f03d4e60aa79b', '2022-01-14 23:27:18'),
(534, 355, 'Jere', 'Duffell', 'Jere@Duffell.com', '520c55804d91d10bde23ad975c43747f', '2022-01-14 23:27:18'),
(535, 13, 'Graig', 'Keaveny', 'Graig@Keaveny.com', 'a348dfb63304b85afc4506f46927f416', '2022-01-14 23:27:18'),
(536, 354, 'Currey', 'Taverner', 'Currey@Taverner.com', '1afb773b27ac95f49164e704ee0c9b06', '2022-01-14 23:27:18'),
(537, 206, 'Allx', 'Yurasov', 'Allx@Yurasov.com', '2b371717979afcddfb09d4e297c79cc6', '2022-01-14 23:27:18'),
(538, 296, 'Paige', 'Dearing', 'Paige@Dearing.com', 'dd4092222cd1d9eca3c163050c52ec36', '2022-01-14 23:27:18'),
(539, 24, 'Jasen', 'Ford', 'Jasen@Ford.com', '9ad81bccfe71843c4bf6c64401476222', '2022-01-14 23:27:18'),
(540, 337, 'Chloe', 'Wortt', 'Chloe@Wortt.com', '6f7c6307179e531ad79b92b1e5739130', '2022-01-14 23:27:18'),
(541, 195, 'Tess', 'Zoellner', 'Tess@Zoellner.com', '6cbf6d50f61b7bad985e6dc7e55bd097', '2022-01-14 23:27:18'),
(542, 199, 'Danice', 'Stalley', 'Danice@Stalley.com', 'e1385005cf650322208ffd1d27d4a891', '2022-01-14 23:27:18'),
(543, 397, 'Klara', 'Levitt', 'Klara@Levitt.com', 'aea8d1f7688740c57ca95ce57b04a3e2', '2022-01-14 23:27:18'),
(544, 128, 'Debera', 'Vonasek', 'Debera@Vonasek.com', 'db9f1d27c32a3ac8a677e9d9e12eaf8d', '2022-01-14 23:27:18'),
(545, 392, 'Libby', 'Stanyon', 'Libby@Stanyon.com', '490f991db6641b6be9ada4925ab3c59f', '2022-01-14 23:27:18'),
(546, 50, 'Moria', 'Geering', 'Moria@Geering.com', '5ecc52ef4779d6b8389ee603ad94a9d3', '2022-01-14 23:27:18'),
(547, 134, 'Hersh', 'Dysart', 'Hersh@Dysart.com', '65da95e29f8e79d8f25cf59de26f3dd2', '2022-01-14 23:27:18'),
(548, 198, 'Marga', 'Kear', 'Marga@Kear.com', '2fa5fdc5716ba596794fd90b5b5e5b9e', '2022-01-14 23:27:18'),
(549, 221, 'Conney', 'Paggitt', 'Conney@Paggitt.com', '39679837b28170b18cbfc16288e2242f', '2022-01-14 23:27:18'),
(550, 4, 'Muriel', 'Baptie', 'Muriel@Baptie.com', 'b7966eb3e784614d9589301b6999b4eb', '2022-01-14 23:27:18'),
(551, 157, 'Elsa', 'Ewells', 'Elsa@Ewells.com', 'f78d18a4e6aac5112b7c540322c2107f', '2022-01-14 23:27:18'),
(552, 311, 'Joeann', 'McLarnon', 'Joeann@McLarnon.com', '48d131ac9b48bee7b8a373342692f39b', '2022-01-14 23:27:18'),
(553, 69, 'Adlai', 'Martellini', 'Adlai@Martellini.com', '7d9a31d32d6c6240f81730e7119693c9', '2022-01-14 23:27:18'),
(554, 118, 'Donica', 'Ghelardi', 'Donica@Ghelardi.com', '191274322abb1f9c6754f1470f962431', '2022-01-14 23:27:18'),
(555, 176, 'Dacey', 'Drewet', 'Dacey@Drewet.com', '2b5ec4ef15208431bffdcce32783ff07', '2022-01-14 23:27:18'),
(556, 408, 'Alie', 'Tumber', 'Alie@Tumber.com', '937d8f5367ce3b24390dbf75a75f15b3', '2022-01-14 23:27:18'),
(557, 35, 'Dewey', 'Guerreau', 'Dewey@Guerreau.com', '0ca44b352525857e4b6cf1ee89fbde0a', '2022-01-14 23:27:18'),
(558, 71, 'Dunn', 'Collingridge', 'Dunn@Collingridge.com', '9cd851139780aa4ed267949ddd18c7e2', '2022-01-14 23:27:18'),
(559, 231, 'Elizabeth', 'Gulberg', 'Elizabeth@Gulberg.com', 'dc91efd2ef040589651ad7b6cdaaab56', '2022-01-14 23:27:18'),
(560, 188, 'Ethel', 'Cowgill', 'Ethel@Cowgill.com', '643d94f8ddd8bfa2adb35dc461d9f25c', '2022-01-14 23:27:18'),
(561, 52, 'Siana', 'Heasley', 'Siana@Heasley.com', '14c04baaae7cf46b6fe3ddaa01748404', '2022-01-14 23:27:18'),
(562, 182, 'Howie', 'Clewett', 'Howie@Clewett.com', 'f4d926bad148c9a572f048e2af43f375', '2022-01-14 23:27:18'),
(563, 205, 'Edvard', 'Tenpenny', 'Edvard@Tenpenny.com', '9004eeecf37158978ec5bee42b548829', '2022-01-14 23:27:18'),
(564, 346, 'Roi', 'Fearnsides', 'Roi@Fearnsides.com', '82760ac7b7ed0c6f1f3580c9fc62ff16', '2022-01-14 23:27:18'),
(565, 340, 'Cassi', 'Banham', 'Cassi@Banham.com', '42e93eb807c4c654a86358315e998913', '2022-01-14 23:27:18'),
(566, 137, 'Hewitt', 'Gleave', 'Hewitt@Gleave.com', '453e280d9ca20fe4298f6e7b5ebd5283', '2022-01-14 23:27:18'),
(567, 244, 'Jackquelin', 'Shelmerdine', 'Jackquelin@Shelmerdine.com', 'd15be1ae711149786546b2b318c65365', '2022-01-14 23:27:18'),
(568, 257, 'Baldwin', 'Tattersill', 'Baldwin@Tattersill.com', '378ce7dfec1d4cccbaddbba34b589d94', '2022-01-14 23:27:18'),
(569, 51, 'Juliette', 'Beaby', 'Juliette@Beaby.com', '21efafd157e9345c6bb01b7c557b718b', '2022-01-14 23:27:18'),
(570, 5, 'Tracy', 'Darth', 'Tracy@Darth.com', '05f4cc1898c8827ea98b24c4d2a80549', '2022-01-14 23:27:18'),
(571, 56, 'Clare', 'Melmoth', 'Clare@Melmoth.com', '662f314c33fafe1baa4a976daea70bb1', '2022-01-14 23:27:18'),
(572, 159, 'Saunders', 'Duignan', 'Saunders@Duignan.com', 'c7a028cf49b4c99629c103c5a14755aa', '2022-01-14 23:27:18'),
(573, 161, 'Josephine', 'Dowsett', 'Josephine@Dowsett.com', 'ee06224e116df91f3ecd08e5cad5e9f0', '2022-01-14 23:27:18'),
(574, 85, 'Tome', 'Sprowle', 'Tome@Sprowle.com', '201020b8c0b24a0f617501d9f7d30fac', '2022-01-14 23:27:18'),
(575, 127, 'Cristin', 'Enga', 'Cristin@Enga.com', '71f6084ed5a613ae02c25309146a84c8', '2022-01-14 23:27:18'),
(576, 160, 'Alyse', 'Regus', 'Alyse@Regus.com', '810fc7492370ef2e8e5b0b20c2a04ab1', '2022-01-14 23:27:18'),
(577, 94, 'Roseanne', 'Saywood', 'Roseanne@Saywood.com', 'c08945a085d8d67ab7089321ce9126e7', '2022-01-14 23:27:18'),
(578, 322, 'Alex', 'Yelland', 'Alex@Yelland.com', '1afbf1b31efcedcbe1267b1f11051589', '2022-01-14 23:27:18'),
(579, 70, 'Romain', 'Treagust', 'Romain@Treagust.com', '17bd76b6af62aff67270bdc5d2efb56c', '2022-01-14 23:27:18'),
(580, 203, 'Yurik', 'Ollivierre', 'Yurik@Ollivierre.com', 'cd42d747de771605f1be97c04f3fe2c0', '2022-01-14 23:27:18'),
(581, 88, 'Lauren', 'Jane', 'Lauren@Jane.com', 'b4d86524acb7fbdb53dd9f4f778fcee5', '2022-01-14 23:27:18'),
(582, 411, 'Kerrin', 'Marney', 'Kerrin@Marney.com', '5a08cb7f23503e26d104a7a8565b22c5', '2022-01-14 23:27:18'),
(583, 133, 'Hamel', 'Hutton', 'Hamel@Hutton.com', '9501ddc25e50f043b2c2f5911202aa3b', '2022-01-14 23:27:18'),
(584, 87, 'Cilka', 'Tregona', 'Cilka@Tregona.com', '367f6f8af03a2c989c8dc6211ffd9b57', '2022-01-14 23:27:18'),
(585, 206, 'Randie', 'Ruckhard', 'Randie@Ruckhard.com', '3e1bb0e15e00e7e23b7adf84c042429d', '2022-01-14 23:27:18'),
(586, 85, 'Claudie', 'Figurski', 'Claudie@Figurski.com', '6206bbd6bc9b779941c3f955462ab8ea', '2022-01-14 23:27:18'),
(587, 114, 'Zara', 'Krelle', 'Zara@Krelle.com', '452625a5b049cceb7489e0951ddca6d8', '2022-01-14 23:27:18'),
(588, 349, 'Sadella', 'Skeates', 'Sadella@Skeates.com', 'b65b1edcc6c8adc78264fe12566b9dac', '2022-01-14 23:27:18'),
(589, 241, 'Chevy', 'Sainsberry', 'Chevy@Sainsberry.com', 'fa9e8ec81f282dfe996860d099933674', '2022-01-14 23:27:18'),
(590, 193, 'Birgitta', 'Fulks', 'Birgitta@Fulks.com', '4672bfcf0d4b4411070e0262639af88c', '2022-01-14 23:27:18'),
(591, 3, 'Rayna', 'Snead', 'Rayna@Snead.com', '7a02883ee84333ebf672125f1c78a489', '2022-01-14 23:27:18'),
(592, 224, 'Gilles', 'Gaskall', 'Gilles@Gaskall.com', '46e24fa6ff4de6327057e06816d57b5b', '2022-01-14 23:27:18'),
(593, 411, 'Morgan', 'Barff', 'Morgan@Barff.com', '47d3fb6cf58f2017a1332ab8abbe6a7d', '2022-01-14 23:27:18'),
(594, 3, 'Dilly', 'Tomes', 'Dilly@Tomes.com', '3304c8846194f2691f75395446c50a29', '2022-01-14 23:27:18'),
(595, 126, 'Yettie', 'Fresson', 'Yettie@Fresson.com', '1ba921bfd9b0e5b9cb4dd9f93debcad3', '2022-01-14 23:27:18'),
(596, 346, 'Stefania', 'Schiell', 'Stefania@Schiell.com', '7cfec49a6018ca5023fb96b6cff67b90', '2022-01-14 23:27:18'),
(597, 167, 'Gladys', 'Marsland', 'Gladys@Marsland.com', '77d323ecfa719cbdb427f35bcecc09f3', '2022-01-14 23:27:18'),
(598, 356, 'Earl', 'Josey', 'Earl@Josey.com', '9437dbd5257f9c6dc9ca36a78cd27b01', '2022-01-14 23:27:18'),
(599, 199, 'Prescott', 'Mingaud', 'Prescott@Mingaud.com', 'b5eb2331d45e9de6519040e927604d64', '2022-01-14 23:27:18'),
(600, 123, 'Kenn', 'Brokenbrow', 'Kenn@Brokenbrow.com', '0cf1a4614af4880a35a1468b3a4b77e3', '2022-01-14 23:27:18'),
(601, 155, 'Niel', 'Austins', 'Niel@Austins.com', '794620025a0739ba33f4dddb497f2028', '2022-01-14 23:27:18'),
(602, 194, 'Roddie', 'Gilliat', 'Roddie@Gilliat.com', '99eeef20e99d633f05a4522df8378f42', '2022-01-14 23:27:18'),
(603, 190, 'Nancy', 'Mackieson', 'Nancy@Mackieson.com', 'b1504a7b19860f90df2db3637b0ce645', '2022-01-14 23:27:18'),
(604, 265, 'Joby', 'Eye', 'Joby@Eye.com', '4aebafeb2b937d3071a6b7d143151159', '2022-01-14 23:27:18'),
(605, 371, 'Luise', 'Pavolillo', 'Luise@Pavolillo.com', 'f430b80fe42a99a75b3aaf903f28308f', '2022-01-14 23:27:18'),
(606, 143, 'Betsey', 'Grocott', 'Betsey@Grocott.com', 'c132e6233ce00136a164e4d6a5285a83', '2022-01-14 23:27:18'),
(607, 71, 'Abel', 'Benezet', 'Abel@Benezet.com', 'aa2c2b1da38eb3a8a98b35c7cda7800a', '2022-01-14 23:27:18'),
(608, 396, 'Lorianne', 'Agron', 'Lorianne@Agron.com', 'c7720ddb533beabdc770035e3eefae68', '2022-01-14 23:27:18'),
(609, 187, 'Abramo', 'Rigglesford', 'Abramo@Rigglesford.com', '18eeb339db29345bdc9868ad27cdc80e', '2022-01-14 23:27:18'),
(610, 360, 'Annamarie', 'Beaze', 'Annamarie@Beaze.com', '8c0e90b91b9d2f6d14bbfcd1e89d87cf', '2022-01-14 23:27:18'),
(611, 294, 'Danni', 'Weddeburn', 'Danni@Weddeburn.com', 'f5cea31c67320d4eb5be5e4c6f9553e4', '2022-01-14 23:27:18'),
(612, 78, 'Nady', 'Hendriks', 'Nady@Hendriks.com', '630239626cef1ab018cb3cebacdcd37d', '2022-01-14 23:27:18'),
(613, 412, 'Paul', 'Johnson', 'paul@johnson.com', '6c63212ab48e8401eaf6b59b95d816a9', '2022-01-14 23:30:36');

-- --------------------------------------------------------

--
-- Struktura tabeli dla tabeli `contract`
--

CREATE TABLE `contract` (
  `contract_id` int(11) NOT NULL,
  `contract_number` varchar(50) COLLATE utf8_polish_ci NOT NULL,
  `phase_id` int(11) NOT NULL,
  `employee_id` int(11) NOT NULL,
  `company_id` int(11) NOT NULL,
  `company_user_id` int(11) NOT NULL,
  `description` text COLLATE utf8_polish_ci NOT NULL,
  `priority` int(11) NOT NULL,
  `creation_date` timestamp NOT NULL DEFAULT current_timestamp() ON UPDATE current_timestamp()
) ENGINE=InnoDB DEFAULT CHARSET=utf8 COLLATE=utf8_polish_ci;

--
-- Zrzut danych tabeli `contract`
--

INSERT INTO `contract` (`contract_id`, `contract_number`, `phase_id`, `employee_id`, `company_id`, `company_user_id`, `description`, `priority`, `creation_date`) VALUES
(1, 'Z/2021/1', 4, 2, 1, 1, 'Lorem ipsum dolor sit amet, consectetur adipiscing elit. Aenean vehicula blandit massa, ac accumsan tortor lobortis at. Ut aliquam facilisis ex nec malesuada. Curabitur eget magna lacus. Fusce sit amet tellus ut purus scelerisque ultrices. Ut varius euismod libero. Aliquam at porttitor velit. Cras luctus varius nunc et venenatis. Nulla venenatis nec mi in volutpat. Nunc a ipsum ac nibh vestibulum hendrerit. Aenean at aliquam lorem. Nullam iaculis arcu tellus, ut porta lacus feugiat in. Vivamus in aliquet eros, nec venenatis orci. Aenean maximus nec velit non sagittis. In massa dolor, vulputate ut nulla sed, tempus sodales nisi.', 4, '2021-12-07 18:24:16'),
(2, 'Z/2021/2', 2, 1, 3, 3, 'Działa, ale wolno', 4, '2021-11-28 16:51:27'),
(3, 'Z/2021/3', 3, 1, 1, 1, 'Coś jest nie tak', 3, '2021-12-04 20:26:44'),
(4, 'Z/2021/4', 4, 1, 3, 3, 'Nie działa, test 1', 2, '2021-12-04 20:34:30'),
(5, 'Z/2021/5', 1, 2, 4, 4, 'Problem z drukarką', 3, '2021-12-06 17:18:22'),
(6, 'Z/2021/6', 2, 2, 4, 4, 'TEST2', 5, '2022-01-14 21:04:23'),
(8, 'Z/2021/8', 3, 2, 3, 3, 'Zaczął wolno działać', 2, '2021-12-07 19:06:25'),
(10, 'Z/2022/9', 1, 2, 7, 8, 'Problem z wyświetlaczem', 1, '2022-01-14 21:00:54'),
(11, 'Z/2022/11', 1, 2, 4, 4, 'TEST123!', 4, '2022-01-14 22:40:45'),
(13, 'Z/2022/12', 1, 0, 4, 12, 'coś tam', 3, '2022-01-14 22:58:45'),
(14, 'Z/2022/14', 1, 0, 4, 12, 'Nie działa coś w dysku!', 3, '2022-01-14 23:00:49'),
(15, 'Z/2022/15', 1, 0, 4, 12, 'ABCDEF', 3, '2022-01-14 23:05:24'),
(16, 'Z/2022/16', 1, 0, 412, 613, 'coś nie tak', 3, '2022-01-14 23:30:53');

-- --------------------------------------------------------

--
-- Struktura tabeli dla tabeli `device`
--

CREATE TABLE `device` (
  `device_id` int(11) NOT NULL,
  `serial_number` varchar(150) COLLATE utf8_polish_ci NOT NULL,
  `name` varchar(400) COLLATE utf8_polish_ci NOT NULL,
  `contract_id` int(11) DEFAULT NULL
) ENGINE=InnoDB DEFAULT CHARSET=utf8 COLLATE=utf8_polish_ci;

--
-- Zrzut danych tabeli `device`
--

INSERT INTO `device` (`device_id`, `serial_number`, `name`, `contract_id`) VALUES
(1, '200001', 'Seagate BARRACUDA 2TB 7200obr. 256MB', 14),
(2, '200002', 'WD RED 6TB 5400obr. 256MB DM-SMR', 1),
(3, '200003', 'Monitor SAMSUNG Odyssey C27G55TQWR 27', 15),
(4, '200006', 'LG K42 Zielony', 10),
(5, '642558', 'Table Cloth 144x90 White', NULL),
(6, '815817', 'Seedlings - Clamshell', NULL),
(7, '269573', 'Snails - Large Canned', NULL),
(8, '344404', 'Bread - Italian Sesame Poly', NULL),
(9, '342542', 'Muffins - Assorted', NULL),
(10, '673776', 'Potatoes - Idaho 80 Count', NULL),
(11, '203650', 'Bacon Strip Precooked', NULL),
(12, '967348', 'Ham - Virginia', NULL),
(13, '441870', 'Water - Green Tea Refresher', NULL),
(14, '619275', 'Sherry - Dry', NULL),
(15, '507335', 'Butter - Unsalted', NULL),
(16, '798646', 'Pasta - Lasagne, Fresh', NULL),
(17, '616009', 'Herb Du Provence - Primerba', NULL),
(18, '383627', 'Pastry - Key Limepoppy Seed Tea', NULL),
(19, '502912', 'Tea - Vanilla Chai', NULL),
(20, '327030', 'Bread - Petit Baguette', NULL),
(21, '958514', 'Cheese - Marble', NULL),
(22, '616580', 'Nut - Walnut, Chopped', NULL),
(23, '290131', 'Appetizer - Chicken Satay', 16),
(24, '687226', 'Pork - Liver', NULL),
(25, '083127', 'Cake - Mini Potato Pancake', NULL),
(26, '233408', 'Yogurt - Cherry, 175 Gr', NULL),
(27, '927444', 'Plasticforkblack', NULL),
(28, '263530', 'Olive - Spread Tapenade', NULL),
(29, '098583', 'Bread - Roll, Canadian Dinner', NULL),
(30, '131605', 'Roe - Lump Fish, Red', NULL),
(31, '424320', 'Tart - Raisin And Pecan', NULL),
(32, '944174', 'Eel Fresh', NULL),
(33, '095489', 'Gherkin', NULL),
(34, '134436', 'Table Cloth 72x144 White', NULL),
(35, '966928', 'Pasta - Penne, Rigate, Dry', NULL),
(36, '913017', 'Wine - Prosecco Valdobiaddene', NULL),
(37, '712332', 'Pepper - Chilli Seeds Mild', NULL),
(38, '044404', 'Pepper - Green Thai', NULL),
(39, '893530', 'Wood Chips - Regular', NULL),
(40, '360615', 'Broom Handle', NULL),
(41, '766991', 'Water - Mineral, Carbonated', NULL),
(42, '567157', 'Cake - Pancake', NULL),
(43, '427798', 'Beef - Kindney, Whole', NULL),
(44, '945898', 'Cookie Dough - Double', NULL),
(45, '255780', 'Wine - Red, Cabernet Sauvignon', NULL),
(46, '221463', 'Sugar - Invert', NULL),
(47, '212032', 'Muffin Mix - Morning Glory', NULL),
(48, '905851', 'Salmon - Atlantic, Skin On', NULL),
(49, '102439', 'Ecolab - Ster Bac', NULL),
(50, '585442', 'Pork - Kidney', NULL),
(51, '309305', 'Tomatoes - Vine Ripe, Red', NULL),
(52, '915760', 'Lobster - Tail 6 Oz', NULL),
(53, '078836', 'Placemat - Scallop, White', NULL),
(54, '414126', 'Brocolinni - Gaylan, Chinese', NULL),
(55, '728660', 'Monkfish - Fresh', NULL),
(56, '313479', 'Wine - Cousino Macul Antiguas', NULL),
(57, '934961', 'Gelatine Powder', NULL),
(58, '386610', 'Duck - Fat', NULL),
(59, '298134', 'Rum - Spiced, Captain Morgan', NULL),
(60, '795187', 'Water - Spring Water 500ml', NULL),
(61, '284893', 'Fish - Base, Bouillion', NULL),
(62, '990566', 'Banana Turning', NULL),
(63, '611615', 'Country Roll', NULL),
(64, '399131', 'Sobe - Orange Carrot', NULL),
(65, '050696', 'Ham - Smoked, Bone - In', NULL),
(66, '138530', 'Huck Towels White', NULL),
(67, '651086', 'Initation Crab Meat', NULL),
(68, '192249', 'Horseradish - Prepared', NULL),
(69, '065040', 'Turnip - White, Organic', NULL),
(70, '175205', 'Sour Cream', NULL),
(71, '612435', 'Icecream - Dstk Super Cone', NULL),
(72, '270984', 'Sprouts - Bean', NULL),
(73, '612178', 'Cup Translucent 9 Oz', NULL),
(74, '610410', 'Ice Cream Bar - Hagen Daz', NULL),
(75, '785147', 'Cheese - Brie, Cups 125g', NULL),
(76, '625741', 'Curry Powder Madras', NULL),
(77, '061544', 'Wine - Sauvignon Blanc', NULL),
(78, '611667', 'Flour - Masa De Harina Mexican', NULL),
(79, '067294', 'Flavouring Vanilla Artificial', NULL),
(80, '645985', 'Cheese - Havarti, Roasted Garlic', NULL),
(81, '626295', 'Juice - Prune', NULL),
(82, '645873', 'Tuna - Salad Premix', NULL),
(83, '360599', 'Pepper - Green, Chili', NULL),
(84, '726299', 'Wine - Shiraz Wolf Blass Premium', NULL),
(85, '265838', 'Pastry - Baked Scones - Mini', NULL),
(86, '458200', 'Mushroom - Chanterelle Frozen', NULL),
(87, '222506', 'Wine - Red, Mouton Cadet', NULL),
(88, '396177', 'Bread - Rye', NULL),
(89, '277706', 'Crackers - Graham', NULL),
(90, '860259', 'Champagne - Brights, Dry', NULL),
(91, '411442', 'Beans - Fava, Canned', NULL),
(92, '493526', 'Mix - Cappucino Cocktail', NULL),
(93, '121356', 'Stock - Veal, White', NULL),
(94, '617495', 'Pasta - Orzo, Dry', NULL),
(95, '196088', 'Sour Cream', NULL),
(96, '071292', 'Bread - Assorted Rolls', NULL),
(97, '634188', 'Nantucket - Kiwi Berry Cktl.', NULL),
(98, '798073', 'Salt - Seasoned', NULL),
(99, '103396', 'Crab - Dungeness, Whole', NULL),
(100, '477584', 'Macaroons - Two Bite Choc', NULL),
(101, '845513', 'Muffin - Mix - Strawberry Rhubarb', NULL),
(102, '521116', 'Table Cloth 81x81 Colour', NULL),
(103, '592711', 'Sauce - Hollandaise', NULL),
(104, '351949', 'Muffin - Mix - Strawberry Rhubarb', NULL),
(105, '131084', 'Southern Comfort', NULL),
(106, '159441', 'Wine - Clavet Saint Emilion', NULL),
(107, '839507', 'Wild Boar - Tenderloin', NULL),
(108, '008127', 'Red Currant Jelly', NULL),
(109, '279469', 'Olives - Morracan Dired', NULL),
(110, '391443', 'Lid - High Heat, Super Clear', NULL),
(111, '083570', 'Coffee - Hazelnut Cream', NULL),
(112, '076681', 'Steampan - Lid For Half Size', NULL),
(113, '934923', 'Banana Turning', NULL),
(114, '454794', 'Mayonnaise', NULL),
(115, '193722', 'Wonton Wrappers', NULL),
(116, '600572', 'Bread Base - Toscano', NULL),
(117, '007040', 'Yogurt - Raspberry, 175 Gr', NULL),
(118, '266003', 'Quail - Whole, Boneless', NULL),
(119, '606757', 'Cake - Miini Cheesecake Cherry', NULL),
(120, '147466', 'Quail Eggs - Canned', NULL),
(121, '935683', 'Soup - Campbells, Butternut', NULL),
(122, '901556', 'Wakami Seaweed', NULL),
(123, '911314', 'Bread Fig And Almond', NULL),
(124, '962390', 'Plastic Wrap', NULL),
(125, '208092', 'Corn - On The Cob', NULL),
(126, '277183', 'Beef - Cooked, Corned', NULL),
(127, '284647', 'Oil - Olive, Extra Virgin', NULL),
(128, '069061', 'Sugar - Icing', NULL),
(129, '646532', 'Beef - Bones, Cut - Up', NULL),
(130, '005223', 'Poppy Seed', NULL),
(131, '160362', 'Ice Cream - Super Sandwich', NULL),
(132, '406404', 'Nut - Pistachio, Shelled', NULL),
(133, '867677', 'Oil - Truffle, White', NULL),
(134, '261140', 'Turkey - Whole, Fresh', NULL),
(135, '734233', 'Cocoa Powder - Dutched', NULL),
(136, '130605', 'Coffee - 10oz Cup 92961', NULL),
(137, '120064', 'Sage - Ground', NULL),
(138, '473020', 'Potatoes - Fingerling 4 Oz', NULL),
(139, '576949', 'Beef - Ox Tongue', NULL),
(140, '850608', 'Bagel - 12 Grain Preslice', NULL),
(141, '077186', 'Bread Cranberry Foccacia', NULL),
(142, '756302', 'Wine - Fume Blanc Fetzer', NULL),
(143, '925688', 'Wine - Port Late Bottled Vintage', NULL),
(144, '942568', 'Chicken - Base', NULL),
(145, '818377', 'Soup - Campbells, Chix Gumbo', NULL),
(146, '523496', 'Bread Ww Cluster', NULL),
(147, '976089', 'Tilapia - Fillets', NULL),
(148, '859853', 'Beef Wellington', NULL),
(149, '601788', 'Vermacelli - Sprinkles, Assorted', NULL),
(150, '087978', 'Flour - Corn, Fine', NULL),
(151, '838442', 'Container - Clear 32 Oz', NULL),
(152, '844977', 'Burger Veggie', NULL),
(153, '850245', 'Oil - Pumpkinseed', NULL),
(154, '732674', 'Cheese - Gouda', NULL),
(155, '169459', 'Ham - Cooked Italian', NULL),
(156, '593851', 'Beef - Cow Feet Split', NULL),
(157, '637436', 'Bread - Wheat Baguette', NULL),
(158, '943789', 'Pepsi, 355 Ml', NULL),
(159, '407514', 'Chips - Assorted', NULL),
(160, '004362', 'Shrimp - 16/20, Iqf, Shell On', NULL),
(161, '116898', 'Shrimp - Tiger 21/25', NULL),
(162, '018473', 'Chutney Sauce - Mango', NULL),
(163, '652142', 'Wine - Clavet Saint Emilion', NULL),
(164, '140115', 'Wine - Prosecco Valdobienne', NULL),
(165, '775561', 'Orange Roughy 6/8 Oz', NULL),
(166, '740290', 'Wine - Prosecco Valdobienne', NULL),
(167, '294113', 'Nut - Walnut, Chopped', NULL),
(168, '632361', 'Island Oasis - Magarita Mix', NULL),
(169, '238748', 'Grapes - Red', NULL),
(170, '393882', 'Rye Special Old', NULL),
(171, '294087', 'Soup - Knorr, Country Bean', NULL),
(172, '570469', 'Lamb Rack - Ontario', NULL),
(173, '926482', 'Wine - Prem Select Charddonany', NULL),
(174, '382279', 'Taro Root', NULL),
(175, '252084', 'Cocoa Powder - Natural', NULL),
(176, '981016', 'Bread - Pumpernickel', NULL),
(177, '228305', 'Kaffir Lime Leaves', NULL),
(178, '137656', 'Tomato - Green', NULL),
(179, '828219', 'Bar Special K', NULL),
(180, '862847', 'Sauce - Ranch Dressing', NULL),
(181, '018922', 'Pasta - Orecchiette', NULL),
(182, '453987', 'External Supplier', NULL),
(183, '899993', 'Bread - Rosemary Focaccia', NULL),
(184, '722970', 'Quiche Assorted', NULL),
(185, '860632', 'Coffee - Frthy Coffee Crisp', NULL),
(186, '490849', 'Dried Cherries', NULL),
(187, '250566', 'Chips - Miss Vickies', NULL),
(188, '278938', 'Bread - Sour Batard', NULL),
(189, '950713', 'Puff Pastry - Sheets', NULL),
(190, '664400', 'Bagel - Plain', NULL),
(191, '669201', 'Cheese - Bocconcini', NULL),
(192, '896395', 'Cake Slab', NULL),
(193, '005553', 'Cream - 10%', NULL),
(194, '357433', 'Rice Paper', NULL),
(195, '219417', 'Sprouts - Baby Pea Tendrils', NULL),
(196, '621471', 'Soap - Mr.clean Floor Soap', NULL),
(197, '921479', 'Capicola - Hot', NULL),
(198, '142239', 'Veal - Tenderloin, Untrimmed', NULL),
(199, '257118', 'Lettuce - Mini Greens, Whole', NULL),
(200, '977655', 'Pasta - Angel Hair', NULL);

-- --------------------------------------------------------

--
-- Struktura tabeli dla tabeli `employee`
--

CREATE TABLE `employee` (
  `employee_id` int(11) NOT NULL,
  `first_name` varchar(300) COLLATE utf8_polish_ci NOT NULL,
  `last_name` varchar(300) COLLATE utf8_polish_ci NOT NULL,
  `email` varchar(300) COLLATE utf8_polish_ci NOT NULL,
  `password` varchar(300) COLLATE utf8_polish_ci NOT NULL,
  `user_group_id` varchar(300) COLLATE utf8_polish_ci NOT NULL
) ENGINE=InnoDB DEFAULT CHARSET=utf8 COLLATE=utf8_polish_ci;

--
-- Zrzut danych tabeli `employee`
--

INSERT INTO `employee` (`employee_id`, `first_name`, `last_name`, `email`, `password`, `user_group_id`) VALUES
(1, 'Krystian', 'Markowski', 'admin', '5dabcf5cc09f2134f85e0b56ae7da0c7', '1'),
(2, 'Hubert', 'Jęcikowski', 'hubert@jecikowski.pl', '4d00f17ae14c16bf7bd46c0558bd0542', '2');

-- --------------------------------------------------------

--
-- Struktura tabeli dla tabeli `file`
--

CREATE TABLE `file` (
  `file_id` int(11) NOT NULL,
  `file_name` text COLLATE utf8_polish_ci NOT NULL,
  `upload_date` timestamp NOT NULL DEFAULT current_timestamp() ON UPDATE current_timestamp(),
  `status` tinyint(1) NOT NULL,
  `employee_id` int(11) NOT NULL,
  `contract_id` int(11) NOT NULL
) ENGINE=InnoDB DEFAULT CHARSET=utf8 COLLATE=utf8_polish_ci;

--
-- Zrzut danych tabeli `file`
--

INSERT INTO `file` (`file_id`, `file_name`, `upload_date`, `status`, `employee_id`, `contract_id`) VALUES
(1, 'mapa_ebay.png', '2021-12-04 17:35:53', 0, 0, 1),
(3, 'mapa_amazon.png', '2021-12-04 19:00:58', 0, 0, 1),
(6, 'mapa_ebay.png', '2022-01-14 18:38:29', 0, 0, 9),
(7, 'mapa_google.png', '2022-01-14 18:42:13', 0, 0, 9);

-- --------------------------------------------------------

--
-- Struktura tabeli dla tabeli `phase`
--

CREATE TABLE `phase` (
  `phase_id` int(11) NOT NULL,
  `name` varchar(250) COLLATE utf8_polish_ci NOT NULL
) ENGINE=InnoDB DEFAULT CHARSET=utf8 COLLATE=utf8_polish_ci;

--
-- Zrzut danych tabeli `phase`
--

INSERT INTO `phase` (`phase_id`, `name`) VALUES
(1, '1. Nowe zlecenie'),
(2, '2. Analiza'),
(3, '3. Realizacja'),
(4, '4. Zakończone');

--
-- Indeksy dla zrzutów tabel
--

--
-- Indeksy dla tabeli `address`
--
ALTER TABLE `address`
  ADD PRIMARY KEY (`address_id`);

--
-- Indeksy dla tabeli `company`
--
ALTER TABLE `company`
  ADD PRIMARY KEY (`company_id`);

--
-- Indeksy dla tabeli `company_user`
--
ALTER TABLE `company_user`
  ADD PRIMARY KEY (`company_user_id`);

--
-- Indeksy dla tabeli `contract`
--
ALTER TABLE `contract`
  ADD PRIMARY KEY (`contract_id`);

--
-- Indeksy dla tabeli `device`
--
ALTER TABLE `device`
  ADD PRIMARY KEY (`device_id`);

--
-- Indeksy dla tabeli `employee`
--
ALTER TABLE `employee`
  ADD PRIMARY KEY (`employee_id`);

--
-- Indeksy dla tabeli `file`
--
ALTER TABLE `file`
  ADD PRIMARY KEY (`file_id`);

--
-- Indeksy dla tabeli `phase`
--
ALTER TABLE `phase`
  ADD PRIMARY KEY (`phase_id`);

--
-- AUTO_INCREMENT for dumped tables
--

--
-- AUTO_INCREMENT dla tabeli `address`
--
ALTER TABLE `address`
  MODIFY `address_id` int(11) NOT NULL AUTO_INCREMENT, AUTO_INCREMENT=3;

--
-- AUTO_INCREMENT dla tabeli `company`
--
ALTER TABLE `company`
  MODIFY `company_id` int(11) NOT NULL AUTO_INCREMENT, AUTO_INCREMENT=413;

--
-- AUTO_INCREMENT dla tabeli `company_user`
--
ALTER TABLE `company_user`
  MODIFY `company_user_id` int(11) NOT NULL AUTO_INCREMENT, AUTO_INCREMENT=614;

--
-- AUTO_INCREMENT dla tabeli `contract`
--
ALTER TABLE `contract`
  MODIFY `contract_id` int(11) NOT NULL AUTO_INCREMENT, AUTO_INCREMENT=17;

--
-- AUTO_INCREMENT dla tabeli `device`
--
ALTER TABLE `device`
  MODIFY `device_id` int(11) NOT NULL AUTO_INCREMENT, AUTO_INCREMENT=201;

--
-- AUTO_INCREMENT dla tabeli `employee`
--
ALTER TABLE `employee`
  MODIFY `employee_id` int(11) NOT NULL AUTO_INCREMENT, AUTO_INCREMENT=3;

--
-- AUTO_INCREMENT dla tabeli `file`
--
ALTER TABLE `file`
  MODIFY `file_id` int(11) NOT NULL AUTO_INCREMENT, AUTO_INCREMENT=8;

--
-- AUTO_INCREMENT dla tabeli `phase`
--
ALTER TABLE `phase`
  MODIFY `phase_id` int(11) NOT NULL AUTO_INCREMENT, AUTO_INCREMENT=5;
COMMIT;

/*!40101 SET CHARACTER_SET_CLIENT=@OLD_CHARACTER_SET_CLIENT */;
/*!40101 SET CHARACTER_SET_RESULTS=@OLD_CHARACTER_SET_RESULTS */;
/*!40101 SET COLLATION_CONNECTION=@OLD_COLLATION_CONNECTION */;
